type,subtype,theme,subtheme,practice,subpractice,subpractice_description,Notes,Source,agroecological principle
Animal management,NA,Animals,NA,Feed Addition,Agroforestry Fodders (Added),Feeds added to animal diets that are from agroforestry shrub or tree fodders or other woody plants.,Feeds are added compared to a control practice (basal diet) that does not contain items which would gain the same ERA classfication. Control diets are often hay ad libitum or hay ad libitum + maize stover.,ERA,NA
Animal management,NA,Animals,NA,Feed Addition,Animal Manures (Added),Feeds added to animal diets that are animal manures.,Feeds are added compared to a control practice (basal diet) that does not contain items which would gain the same ERA classfication. Control diets are often hay ad libitum or hay ad libitum + maize stover.,ERA,NA
Animal management,NA,Animals,NA,Feed Addition,Crop Fodders (Added),"Feeds added to animal diets that come from non-woody crops not usually grown for fodder, but for another purpose (e.g. consumption). These can be crop grain. field residues (for example maize stalks left over once the grain component has been harvested) and or processing residues (for example the maize bran produced as a byproduct of milling flour). Soyabeans fit in this category as they are grown for human consumption and livestock feed.",Feeds are added compared to a control practice (basal diet) that does not contain items which would gain the same ERA classfication. Control diets are often hay ad libitum or hay ad libitum + maize stover.,ERA,NA
Animal management,NA,Animals,NA,Feed Addition,Non Crop Fodders (Added),"Feeds added to animal diets that are non-woody crops grown primarily for fodder (e.g., alfafa or clover grown to feed to cattle) or non-woody plants harvested from non-cropped areas (e.g., forage grasses such as napier grass grown to stabilize terraces, cactus harvested from boundary fences, wild growing plants in wayside or fallows, algae, etc.).",Feeds are added compared to a control practice (basal diet) that does not contain items which would gain the same ERA classfication. Control diets are often hay ad libitum or hay ad libitum + maize stover.,ERA,NA
Animal management,NA,Animals,NA,Feed Addition,Other Feed (Added),"Feeds added to animal diets that are non-plant or non-manure based materials. These typically include materials that are the by-product of animal processing (e.g., bone meal or fish meal).",Feeds are added compared to a control practice (basal diet) that does not contain items which would gain the same ERA classfication. Control diets are often hay ad libitum or hay ad libitum + maize stover.,ERA,NA
Animal management,NA,Animals,NA,Feed Addition; Feed Substitution,Basal or Conventional Diet,A diet fed to animals without additional of anything.,A control for addition (supplementation) of feeds.,ERA,NA
Animal management,NA,Animals,NA,Feed Addition; Feed Substitution,Conventional Supplement Use,Supplement given to animals by the farmer or deemed control by author and is,A control for addition (supplementation) or substitution of feeds.,ERA,NA
Animal management,NA,Animals,NA,Feed Processing,Chemically Processed Feed,"Fodders that have been chemically processed, for example urea-treated stover or fermented fodders. Silage is a type of fodder made from green foliage crops which have been preserved by acidification, achieved through fermentation.",NA,ERA,NA
Animal management,NA,Animals,NA,Feed Processing,Concentrated Feed,"Non-forage feeds rich in energy and protein. Concentrates include feeds such as maize bran, cotton seed cake, molasses, fish meal and bean cake. Non-forage feeds may use energy or protein rich part plants such as seeds, whereas forage feeds are mainly plant leaves and stems.",NA,ERA,NA
Animal management,NA,Animals,NA,Feed Processing,Mechanically Processed Feed,"Fodders or plant wastes that have been mechanically processed, for example chopped or pelletted grasses or ground orange peel.",NA,ERA,NA
Animal management,NA,Animals,NA,Feed Substitution,Agroforestry Fodders (Substituted),Components of a basal diet fully or partially substituted for agroforestry shrub or tree fodders (woody plants).,Substitutions are typically defined by the author. Usually they are looking to substitute a conventional (e.g. purchased diet) with cheaper or more sustainable alternatives.,ERA,NA
Animal management,NA,Animals,NA,Feed Substitution,Animal Manures (Substituted),Components of a basal diet fully or partially substituted for animal manures.,Substitutions are typically defined by the author. Usually they are looking to substitute a conventional (e.g. purchased diet) with cheaper or more sustainable alternatives.,ERA,NA
Animal management,NA,Animals,NA,Feed Substitution,Crop Fodders (Substituted),"Components of a basal diet fully or partially substituted for residues from crops not primarily grown for fodder, but for another purpose (e.g. consumption). These can be field residues (for example maize stalks left over once the grain component has been harvested) and or processing residues (for example the maize bran produced as a byproduct of milling flour).",Substitutions are typically defined by the author. Usually they are looking to substitute a conventional (e.g. purchased diet) with cheaper or more sustainable alternatives.,ERA,NA
Animal management,NA,Animals,NA,Feed Substitution,Non Crop Fodders (Substituted),"Components of a basal diet fully or partially substituted for non-woody crops grown primarily for fodder (e.g., alfafa or clover grown to feed to cattle) or non-woody plants harvested from non-cropped areas (e.g., forage grasses such as napier grass grown to stabilize terraces, cactus harvested from boundary fences, wild growing plants in wayside or fallows, algae, etc.). Feeds are added compared to a base practice control such as hay ad libitum only.",Substitutions are typically defined by the author. Usually they are looking to substitute a conventional (e.g. purchased diet) with cheaper or more sustainable alternatives.,ERA,NA
Animal management,NA,Animals,NA,Feed Substitution,Other Feed (Substituted),"Components of a basal diet fully or partially substituted with non-plant and non-manure based materials. These typically include materials for the by-product of animal processing (e.g., bone meal or fish meal).",Substitutions are typically defined by the author. Usually they are looking to substitute a conventional (e.g. purchased diet) with cheaper or more sustainable alternatives.,ERA,NA
Animal management,NA,Animals,NA,Manure Management,Conventional Manure Handling,Conventional Manure handling (farmer practice).,NA,ERA,NA
Animal management,NA,Animals,NA,Manure Management,Manure Collection,"Techniques to collect manure, e.g, increased frequency of collection and removal from the kraal.",NA,ERA,NA
Animal management,NA,Animals,NA,Manure Management,Manure Storage,"Manure storage techniques such as heaps, pits or dry lots.",NA,ERA,NA
Animal management,NA,Animals,NA,Manure Management,Manure Treatment,Techniques for treatment of manure.,NA,ERA,NA
Animal management,NA,Animals,NA,Pasture Management,Controlled Grazing,"The restriction of animal movement within pastures. Controlled grazing is known by many names, such as rotational grazing, rotational stocking, intensive grazing and strip grazing. Typically a large pasture is subdivided into several smaller pastures (paddocks) by cross fencing and animals stocked in one of the paddocks. When the forage has been removed, cattle are rotated to the next paddock.",NA,ERA,NA
Animal management,NA,Animals,NA,Pasture Management,Conventional Pasture Management,Conventional pasture management. This could be the traditional or farmer practice or a practice the authors state as an unimproved control practice.,NA,ERA,NA
Animal management,NA,Animals,NA,Pasture Management,Cut & Carry,"A system where animals are confined and feed is brought to them, also known as zero grazing.",NA,ERA,NA
Animal management,NA,Animals,NA,Pasture Management,Improved Pasture (N fixing),The planting of pastures with leguminous forages.,NA,ERA,NA
Animal management,NA,Animals,NA,Pasture Management,Improved Pasture (Non N fixing),The planting of pastures with non-leguminous forages.,NA,ERA,NA
Animal management,NA,Animals,NA,Pasture Management,Rotational Grazing,The movement of animals between different paddocks at intervals.,NA,ERA,NA
Animal management,NA,NA,NA,NA,Fodder banks,control is a farmer is not storing fodder for the dry season and eigher having to vuy in fodder or try and subsist on whatever is available in the environment,NA,NA,NA
Animal management,NA,NA,NA,NA,Hay,control is a farmer is not storing fodder for the dry season and eigher having to vuy in fodder or try and subsist on whatever is available in the environment,NA,NA,NA
Animal management,Genetic improvement,NA,NA,Hybridization or Cross Breeding,Hybridization or Cross Breeding,"The use of animal cross breeds produced by the mating (hybridization) of individuals of different breeds, varieties, or species.",NA,ERA,NA
Animal management,Genetic improvement,NA,NA,Improved Breed,Improved Breeds,"The use of improved animal breeds, these are animals bred for specific traits usually productivity (typically breeds exotic to Africa like Friesen, Holstein or Jersey cows).",NA,ERA,NA
Animal management,NA,NA,NA,NA,Improved Pasture (N fixing and Non N fixing),the plantation of pastures with mixtures of grasses and leguminous forages,NA,NA,NA
Animal management,NA,NA,NA,NA,Improved Pasture (Unespecified),NA,NA,NA,NA
Animal management,NA,NA,NA,NA,N-inhibitors,NA,NA,NA,NA
Animal management,NA,NA,NA,NA,Optimization of stocking density,NA,NA,NA,NA
Animal management,NA,NA,NA,NA,Silage,control is a farmer is not storing fodder for the dry season and eigher having to vuy in fodder or try and subsist on whatever is available in the environment,NA,NA,NA
Animal management,Genetic improvement,NA,NA,Unimproved Breed,Unimproved Breed,A local or otherwise unimproved animal breed.,A control for improved breeds/hybrid and cross breeds.,ERA,NA
Animal management,Genetic improvement,NA,NA,Unspecified Breed,Unspecified Breed,The breed breed practice is not specified as being improved or unimproved,NA,ERA,NA
Biomass management,Mulches,Mulching,Organic mulch,Organic mulch (herbaceus),Mulch Herb (N fixing and Non N fixing),"Mulching with a mixture of herbaceous plant residues from both nitrogen-fixing (leguminous) and non-nitrogen fixing plant, residues remain on soil surface and are not incorporated or burnt (for example).",Residues can be from the field or brought to the field from outside field boundaries. Residues should not be from agroforestry (see the Tree Pruning Practice under the Agroforestry Theme).,ERA,NA
Biomass management,Mulches,Mulching,Organic mulch,Organic mulch (herbaceus),Mulch Herb (N fixing),"Mulching with herbaceous plant residues from a nitrogen fixing (leguminous) plant, residues remain on soil surface and are not incorporated or burnt (for example).",Residues can be from the field or brought to the field from outside field boundaries. Residues should not be from agroforestry (see the Tree Pruning Practice under the Agroforestry Theme).,ERA,NA
Biomass management,Mulches,Mulching,Organic mulch,Organic mulch (herbaceus),Mulch Herb (Non N fixing),"Mulching with herbaceous plant residues from a non-nitrogen fixing (not leguminous) plant, residues remain on soil surface and are not incorporated or burnt (for example).",Residues can be from the field or brought to the field from outside field boundaries. Residues should not be from agroforestry (see the Tree Pruning Practice under the Agroforestry Theme).,ERA,NA
Biomass management,Mulches,Mulching,Organic mulch,Organic mulch (herbaceus),Mulch Herb (Unspecified),"Mulching with herbaceous plant residues from a plant that is unspecified if it fix or not Nitrogent, residues remain on soil surface and are not incorporated or burnt (for example).",NA,NA,NA
Biomass management,Mulches,Mulching,Organic mulch,Organic mulch (unspecified),Mulch (Unspecified Plants),"Mulching with plant residues from an unspecified plant type, residues remain on soil surface and are not incorporated or burnt (for example).",Residues can be from the field or brought to the field from outside field boundaries. Residues should not be from agroforestry (see the Tree Pruning Practice under the Agroforestry Theme).,ERA,NA
Biomass management,Mulches,Mulching,Organic mulch,Organic mulch (woody/other),Mulch (Other Materials),Mulching on the soil surface with organic materials that are not herbaceous plants or plastic. This includes materials like wood shavings.,NA,ERA,NA
Biomass management,Agroforestry pruning residues,Mulching,Organic mulch,Organic mulch (woody/other),Tree Prunings Mulched (N fixing),"Prunings (leaves, branches, etc.) of a nitrogen fixing (leguminous) woody plant applied were applied to the cropping area as mulch (prunings on the surface).","This could be from alleycropping, biomass transfer models or cut-and-carry where prunings come from off the field.",ERA,NA
Biomass management,Agroforestry pruning residues,Mulching,Organic mulch,Organic mulch (woody/other),Tree Prunings Mulched (Non N fixing),"Prunings (leaves, branches, etc.) of a non-nitrogen fixing (not leguminous) woody plant applied were applied to the cropping area as mulch (prunings on the surface).","This could be from alleycropping, biomass transfer models or cut-and-carry where prunings come from off the field.",ERA,NA
Biomass management,Agroforestry pruning residues,Mulching,Organic mulch,Organic mulch (woody/other),Tree Prunings Mulched (Unspecified),"Prunings (leaves, branches, etc.) of an unidentified woody plant were applied to the cropping area as mulch (prunings on the surface).","This could be from alleycropping, biomass transfer models or cut-and-carry where prunings come from off the field.",ERA,NA
Biomass management,Mulches,No mulch,No mulch,No mulch,No mulch Applied,None mulching practices is applied,NA,AS,NA
Biomass management,Mulches,Plastic mulch,Plastic mulch,Plastic mulch,Plastic Mulch,Mulching with plastic materials on the soil surface.,NA,ERA,NA
Biomass management,Crop residues,NA,Crop residues removed,Crop residues burnt,Crop Residues Burnt,Crop residues are burnt (in the field).,NA,ERA,NA
Biomass management,Crop residues,NA,Crop residues removed,Crop residues grazed,Crop Residues Grazed,Crop residues are grazed by livestock (in the field).,NA,ERA,NA
Biomass management,Crop residues,NA,Crop residues retain,Crop residues incorporated,Crop Residue Incorporated,Crop residues are incorporated into the field.,NA,ERA,NA
Biomass management,Crop residues,NA,Crop residues retain,Crop residues incorporated,Crop Residue Incorporation (N fixing),The incorporation of crop residues from a nitrogen-fixing (leguminous) plant. Residues may be brought to the field as biomass transfer.,This practice should not be used for Agroforestry residues (use the agroforestry theme).,ERA,NA
Biomass management,Crop residues,NA,Crop residues retain,Crop residues incorporated,Crop Residue Incorporation (Non N fixing),The incorporation of crop residues from a non nitrogen-fixing (not leguminous) plant. Residues may be brought to the field as biomass transfer.,This practice should not be used for Agroforestry residues (use the agroforestry theme).,ERA,NA
Biomass management,Crop residues,NA,Crop residues retain,Crop residues incorporated,Crop Residue Incorporation (Unspecified),The incorporation of crop residues from an unspecified type of plant. Residues may be brought to the field as biomass transfer.,This practice should not be used for Agroforestry residues (use the agroforestry theme).,ERA,NA
Biomass management,Crop residues,NA,Crop residues removed,Crop residues removed,Crop Residues Removed,Crop residues are removed from the field.,NA,ERA,NA
Biomass management,Crop residues,NA,Crop residues retain,Crop residues retained,Crop Residue Unresolved (N fixing),"Crop residues from a nitrogen-fixing (leguminous) plant are retained in the field, but it is unknown if the residues are mulched or incorporated",This practice should not be used for Agroforestry residues (use the agroforestry theme).,ERA,NA
Biomass management,Crop residues,NA,Crop residues retain,Crop residues retained,Crop Residue Unresolved (Non N fixing),"Crop residues from a non nitrogen-fixing (not leguminous) plant are retained in the field, but it is unknown if the residues are mulched or incorporated",This practice should not be used for Agroforestry residues (use the agroforestry theme).,ERA,NA
Biomass management,Crop residues,NA,Crop residues retain,Crop residues retained,Crop Residue Unresolved (Unspecified),"Crop residues from an unspecified type of plant are retained in the field, but it is unknown if the residues are mulched or incorporated",This practice should not be used for Agroforestry residues (use the agroforestry theme).,ERA,NA
Biomass management,Agroforestry pruning residues,NA,NA,Tree Pruning (Fate Unknown),Tree Pruning (Fate Unknown),"The cutting or coppicing of woody agroforestry species, generally to reduce competition or shading with intercrops, but the fate of the residues is unknown (it is unclear if was applied or removed).","This could be from alleycropping, biomass transfer models or cut-and-carry where prunings come from off the field.",ERA,NA
Biomass management,Agroforestry pruning residues,NA,Tree residues retain,Tree pruning applied,Tree Prunings Applied (N fixing),"Prunings (leaves, branches, etc.) of a nitrogen fixing (leguminous) woody plant residues were retained/returned to the cropping area, but it is unknown if they were mulched or incorporated.","This could be from alleycropping, biomass transfer models or cut-and-carry where prunings come from off the field.",ERA,NA
Biomass management,Agroforestry pruning residues,NA,Tree residues retain,Tree pruning applied,Tree Prunings Applied (Non N fixing),"Prunings (leaves, branches, etc.) of a non-nitrogen fixing (not leguminous) woody plant were retained/returned to the cropping area, but it is unknown if they were mulched or incorporated.","This could be from alleycropping, biomass transfer models or cut-and-carry where prunings come from off the field.",ERA,NA
Biomass management,Agroforestry pruning residues,NA,Tree residues retain,Tree pruning applied,Tree Prunings Applied (Unspecified),"Prunings (leaves, branches, etc.) of an unidentified woody plant were retained/returned to the cropping area, but it is unknown if they were mulched or incorporated.","This could be from alleycropping, biomass transfer models or cut-and-carry where prunings come from off the field. It does not include situations where crop processing byproducts such as a oil palm bunch residues or walnut shells are applied to a field, these should be recorded using a regular mulch code.",ERA,NA
Biomass management,Agroforestry pruning residues,NA,Tree residues retain,Tree pruning incorporated,Tree Prunings Incorporated (N fixing),"Prunings (leaves, branches, etc.) of a nitrogen fixing (leguminous) woody plant applied were applied to the cropping area and incorporated into the soil (e.g., by ploughing).","This could be from alleycropping, biomass transfer models or cut-and-carry where prunings come from off the field.",ERA,NA
Biomass management,Agroforestry pruning residues,NA,Tree residues retain,Tree pruning incorporated,Tree Prunings Incorporated (Non N fixing),"Prunings (leaves, branches, etc.) of a non-nitrogen fixing (not leguminous) woody plant applied were applied to the cropping area and incorporated into the soil (e.g., by ploughing).","This could be from alleycropping, biomass transfer models or cut-and-carry where prunings come from off the field.",ERA,NA
Biomass management,Agroforestry pruning residues,NA,Tree residues retain,Tree pruning incorporated,Tree Prunings Incorporated (Unspecified),"Prunings (leaves, branches, etc.) of an unidentified woody plant were applied to the cropping area and incorporated into the soil (e.g., by ploughing).","This could be from alleycropping, biomass transfer models or cut-and-carry where prunings come from off the field.",ERA,NA
Biomass management,Agroforestry pruning residues,NA,Tree residues removed,Tree Residues Burnt,Tree Residues Burnt,Tree residues are burnt (in the field).,NA,AS,NA
Biomass management,Agroforestry pruning residues,NA,Tree residues removed,Tree Residues Removed,Tree Residues Removed,Tree residues are removed from the field.,NA,AS,NA
Crop management,Diversification (temporal),Crop rotation,Crop Rotation,Complex crop rotation,Complex Rotation,"A crop rotation sequence with three or more species or rotations with different annual cycles. If intercropping is present in a complex rotation then this should also be captured with an intercropping code. A species is not counted towards a rotation sequence species count when it is obviously a minor intercrop to a main crop which remains invariant (typically there is standard planting of the main crop from year to year and the intercrop is squeezed in-between the rows of the main crop, for example cowpea planted at a low density inbetween maize rows). If it is not clear which crops are main or minor or not then count them all towards a complex rotation total (so an experiement might have maize one year, then the next year some maize rows are replaced with beans, in this case the beans are counted as a rotation crop and the number of species is two). 
A general definition of rotation is that more than one crop is grown in the same location, but across different growing season (diversification in time). Different varieties of the same crop do not count as rotation. Crops should be grown for harvest and not as cover crop or green manure.",NA,ERA,5_biodiversity..6_synergy..7_economic_diversification
Crop management,Diversification (temporal),Crop rotation,Crop Rotation,Crop rotation (High diversity),Crop rotation (High diversity),Recurrent succession of a set of selected crops grown on a particular agricultural land each season or each year according to a definite plan.,NA,AS from biodiversity dataset,5_biodiversity..6_synergy..7_economic_diversification
Crop management,Diversification (temporal),Crop rotation,Crop Rotation,Crop rotation (inter annual),Crop rotation (inter annual),See crop rotation,NA,BIOFincas,5_biodiversity..6_synergy..7_economic_diversification
Crop management,Diversification (temporal),Crop rotation,Crop Rotation,Crop rotation (Low diversity),Crop rotation (Low diversity),Control of crop rotation - High diversity (fewer than 3 crops),NA,AS from biodiversity dataset,5_biodiversity..6_synergy..7_economic_diversification
Crop management,Diversification (temporal),Crop rotation,Crop Rotation,Crop Rotation (N fixing mixed),Rotation (N fixing and Non N fixing),"A crop rotation sequence containing non-leguminous and leguminous crops (e.g. a maize/bean rotation a maize-bean intercrop followed by cassava). 
A general definition of rotation is that more than one crop is grown in the same location, but across different growing season (diversification in time). Different varieties of the same crop do not count as rotation. A crop is not counted in a rotation sequence when it is obviously a minor intercrop to a main crop which is invariant over time (typically there is standard planting of the main crop from year to year and the intercrop is squeezed in-between the rows of the main crop, for example cowpea planted at a low density inbetween maize rows).",Crops should be grown for harvest and not as cover crop or green manure.,ERA,5_biodiversity..6_synergy..7_economic_diversification
Crop management,Diversification (temporal),Intercropping,Intercropping,Intercropping (N fixing),Double Cropping (N fixing),A double cropping system where two different crops are planting sequentially within the same growing season. All crops fix nitrogen.,NA,ERA,5_biodiversity..6_synergy..7_economic_diversification
Crop management,Diversification (temporal),Crop rotation,Crop Rotation,Crop Rotation (N fixing),Rotation (N fixing),"A crop rotation sequence of two or more legumes.
A general definition of rotation is that more than one crop is grown in the same location, but across different growing season (diversification in time). Different varieties of the same crop do not count as rotation. A crop is not counted in a rotation sequence when it is obviously a minor intercrop to a main crop which is invariant over time (typically there is standard planting of the main crop from year to year and the intercrop is squeezed in-between the rows of the main crop, for example cowpea planted at a low density inbetween maize rows).",Crops should be grown for harvest and not as cover crop or green manure.,ERA,5_biodiversity..6_synergy..7_economic_diversification
Crop management,Diversification (temporal),Intercropping,Intercropping,Intercropping (Non N fixing),Double Cropping (Non N fixing),A double cropping system where two different crops are planting sequentially within the same growing season. No crops fix nitrogen.,NA,ERA,5_biodiversity..6_synergy..7_economic_diversification
Crop management,Diversification (temporal),Crop rotation,Crop Rotation,Crop Rotation (Non N fixing),Rotation (Non N fixing),"A crop rotation sequence with two or more non-legumes.
A general definition of rotation is that more than one crop is grown in the same location, but across different growing season (diversification in time). Different varieties of the same crop do not count as rotation.",Crops should be grown for harvest and not as cover crop or green manure.,ERA,5_biodiversity..6_synergy..7_economic_diversification
Crop management,Diversification (temporal),Crop rotation,Crop Rotation,Crop Rotation (seasonal),Crop rotation (seasonal),See crop rotation,NA,BIOFincas,5_biodiversity..6_synergy..7_economic_diversification
Crop management,Diversification (temporal),Crop rotation,Crop Rotation,Intercrop Rotation,Intercrop Rotation,"Rotation where a main crop remains the same between seasons (no change in spatial location or crop identity), but the minor intercrop is not always present. If the same crop is intercropped throughout the sequence (e.g. Maize-Beans/Maize/Maize-Beans) then this requires a Partial Intercropping code (b50.1, b50.2 or b50.3) or if the intercrop changes throughout the sequence (e.g. Maize-Beans/Maize-Millet/Maize-Beans) this requires a Complex Intercrop Rotation code (b57). If the intercrop is mostly one crop for a long sequence, but rarely something else is planted, we still consider this to be relevant to the Partial Intercropping code.
A general definition of rotation is that more than one crop is grown in the same location, but across different growing season (diversification in time). Different varieties of the same crop do not count as rotation. A crop is not counted in a rotation sequence when it is obviously a minor intercrop to a main crop which is invariant over time (typically there is standard planting of the main crop from year to year and the intercrop is squeezed in-between the rows of the main crop, for example cowpea planted at a low density inbetween maize rows). Crops should be grown for harvest and not as cover crop or green manure (if the latter see the green manure practices).",NA,ERA,5_biodiversity..6_synergy..7_economic_diversification
Crop management,Diversification (spatial),Green manure,Green manure,Green Manure (N fixing mixed),Relay Green Manure (N fixing and Non N fixing),"A crop is planted and then a green manure is planted with that crop, but at a later date within the same season. Some crops fixes nitrogen the others does not. A green manure is usually planted to improve soil quality and it should not be harvested crop.",NA,ERA,5_biodiversity..6_synergy..7_economic_diversification
Crop management,Diversification (spatial),Green manure,Green manure,Green Manure (N fixing),Relay Green Manure (N fixing),"A crop is planted and then a green manure is planted with that crop, but at a later date within the same season. All crop fix nitrogen.",NA,ERA,5_biodiversity..6_synergy..7_economic_diversification
Crop management,Diversification (spatial),Green manure,Green manure,Green Manure (Non N fixing),Relay Green Manure (Non N fixing),"A crop is planted and then a green manure is planted with that crop, but at a later date within the same season. No crops fixes nitrogen.",NA,ERA,5_biodiversity..6_synergy..7_economic_diversification
Crop management,Diversification (spatial),Intercropping,Intercropping,Complex Intercropping,Complex Intercrop,An intercropping system that is too complex to descirbe using existing ERA definitions. Typically involving multiple intercropping practices at the same time. Please use the notes to descirbe this practice.,NA,ERA,5_biodiversity..6_synergy..7_economic_diversification
Crop management,Diversification (spatial),Intercropping,Intercropping,Intercropping (High diversity),Intercrop (High diversity),An intercropping system with three or more crop species,NA,AS from biodiversity dataset,5_biodiversity..6_synergy..7_economic_diversification
Crop management,Diversification (spatial),Intercropping,Intercropping,Intercropping (Low diversity),Intercrop (Low diversity),An intercropping system with less than three crop species (control for intercrop - High diversity),NA,AS from biodiversity dataset,5_biodiversity..6_synergy..7_economic_diversification
Crop management,Diversification (spatial),Intercropping,Intercropping,Intercropping (N fixing mixed),Double Cropping (N fixing and Non N fixing),A double cropping system where two different crops are planting sequentially within the same growing season. Some crops fix nitrogen others do not.,NA,ERA,5_biodiversity..6_synergy..7_economic_diversification
Crop management,Diversification (spatial),Intercropping,Intercropping,Intercropping (N fixing mixed),Intercrop (N fixing and Non N fixing),"An intercropping system with a legume and non-legume. 
Intercropping is where more than one crop is grown at the same time in the same area of management (typically a single field), this is diversification in space rather than diversification in time. Crops should be grown for harvest and not as cover crop or green manure (if the latter see the green manure practices).",NA,ERA,5_biodiversity..6_synergy..7_economic_diversification
Crop management,Diversification (spatial),Intercropping,Intercropping,Intercropping (N fixing mixed),Partial Intercrop (N fixing and Non N fixing),"An intercropping system with a legume and non-legume where intercropping is not present every season (spatial diversification that is variable over time). For example a repeating sequence of Maize followed by a Maize-Cowpea intercrop, this would also get an intercrop rotation code.
Intercropping is where more than one crop is grown at the same time in the same area of management (typically a single field), this is diversification in space rather than diversification in time. Crops should be grown for harvest and not as cover crop or green manure (if the latter see the green manure practices).",NA,ERA,5_biodiversity..6_synergy..7_economic_diversification
Crop management,Diversification (spatial),Intercropping,Intercropping,Intercropping (N fixing mixed),Relay Intercropping (N fixing and Non N fixing),"A crop is planted and then another is planted with that crop, but at a later date within the same season. Some crops fixes nitrogen the others does not.",NA,ERA,5_biodiversity..6_synergy..7_economic_diversification
Crop management,Diversification (spatial),Intercropping,Intercropping,Intercropping (N fixing mixed),Sequential Intercropping (N fixing and Non N fixing),"An intercropping and double cropping system where two crops are planted together at the start of the season, then one is harvested and another crop planted whilst the non-harvested crop is growing (all within the same season). Some crops fix nitrogen others does not.",NA,ERA,5_biodiversity..6_synergy..7_economic_diversification
Crop management,Diversification (spatial),Intercropping,Intercropping,Intercropping (N fixing),Intercrop (N fixing),"An intercropping system with two or more legumes (edible or marketable).
Intercropping is where more than one crop is grown at the same time in the same area of management (typically a single field), this is diversification in space rather than diversification in time. Crops should be grown for harvest and not as cover crop or green manure (if the latter see the green manure practices).",NA,ERA,5_biodiversity..6_synergy..7_economic_diversification
Crop management,Diversification (spatial),Intercropping,Intercropping,Intercropping (N fixing),Partial Intercrop (N fixing),"An intercropping system with two legume crops where intercropping is not present every season (spatial diversification that is variable over time). For example a repeating sequence of Maize followed by a Maize-Cowpea intercrop, this would also get an intercrop rotation code.
Intercropping is where more than one crop is grown at the same time in the same area of management (typically a single field), this is diversification in space rather than diversification in time. Crops should be grown for harvest and not as cover crop or green manure (if the latter see the green manure practices).",NA,ERA,5_biodiversity..6_synergy..7_economic_diversification
Crop management,Diversification (spatial),Intercropping,Intercropping,Intercropping (N fixing),Relay Intercropping (N fixing),"A crop is planted and then another is planted with that crop, but at a later date within the same season. All crop fix nitrogen.",NA,ERA,5_biodiversity..6_synergy..7_economic_diversification
Crop management,Diversification (spatial),Intercropping,Intercropping,Intercropping (N fixing),Sequential Intercropping (N fixing),"An intercropping and double cropping system where two crops are planted together at the start of the season, then one is harvested and another crop planted whilst the non-harvested crop is growing (all within the same season). All crops fix nitrogen.",NA,ERA,5_biodiversity..6_synergy..7_economic_diversification
Crop management,Diversification (spatial),Intercropping,Intercropping,Intercropping (Non N fixing),Intercrop (Non N fixing),"An intercropping system with two non-legumes.
Intercropping is where more than one crop is grown at the same time in the same area of management (typically a single field), this is diversification in space rather than diversification in time. Crops should be grown for harvest and not as cover crop or green manure (if the latter see the green manure practices).",NA,ERA,5_biodiversity..6_synergy..7_economic_diversification
Crop management,Diversification (spatial),Intercropping,Intercropping,Intercropping (Non N fixing),Partial Intercrop (Non N fixing),"An intercropping system with two non-legume crops where intercropping is not present every season (spatial diversification that is variable over time). For example a repeating sequence of Maize followed by a Maize-Cowpea intercrop, this would also get an intercrop rotation code.
Intercropping is where more than one crop is grown at the same time in the same area of management (typically a single field), this is diversification in space rather than diversification in time. Crops should be grown for harvest and not as cover crop or green manure (if the latter see the green manure practices).",NA,ERA,5_biodiversity..6_synergy..7_economic_diversification
Crop management,Diversification (spatial),Intercropping,Intercropping,Intercropping (Non N fixing),Relay Intercropping (Non N fixing),"A crop is planted and then another is planted with that crop, but at a later date within the same season. No crops fixes nitrogen.",NA,ERA,5_biodiversity..6_synergy..7_economic_diversification
Crop management,Diversification (spatial),Intercropping,Intercropping,Intercropping (Non N fixing),Sequential Intercropping (Non N fixing),"An intercropping and double cropping intercropping system where two crops are planted together at the start of the season, then one is harvested and another crop planted whilst the non-harvested crop is growing (all within the same season). No crops fix nitrogen.",NA,ERA,5_biodiversity..6_synergy..7_economic_diversification
Crop management,Diversification (spatial),Intercropping,Intercropping,Intercropping (trap crop),Intercropping with trap crops,NA,NA,BIOFincas,5_biodiversity..6_synergy..7_economic_diversification
Crop management,Diversification (spatial),Intercropping,Intercropping,Intercropping (trap crop),Push pull,NA,NA,BIOFincas,5_biodiversity..6_synergy..7_economic_diversification
Crop management,Diversification (spatial),Intercropping,Intercropping,Intercropping (Unspecified),Intercrop (Unspecified),"An intercropping system is present, but no details on composition are available.
Intercropping is where more than one crop is grown at the same time in the same area of management (typically a single field), this is diversification in space rather than diversification in time. Crops should be grown for harvest and not as cover crop or green manure (if the latter see the green manure practices).",Only use this practice where there are no details presented about an intercropping paper. All we know is that intercropping was present.,ERA,5_biodiversity..6_synergy..7_economic_diversification
Crop management,Diversification (spatial),Intercropping,Intercropping,Intercropping or Rotation (N fixing),Intercropping or Rotation (N fixing and Non N fixing),"Only use this practices where a paper states that legume intercropping or rotation was used, but the outcomes do not distinguish between the two.",This outcome will typically relate to farmer trials or surveys.,ERA,5_biodiversity..6_synergy..7_economic_diversification
Crop management,Diversification (temporal),Monoculture,Monoculture,Monoculture,Double Cropping (Monocrop),A double cropping system where the same crop is planted more than once and sequentially within the same growing season.,NA,ERA,5_biodiversity..6_synergy..7_economic_diversification
Crop management,Diversification (spatial),Monoculture,Monoculture,Monoculture,Monoculture,A single crop is grown in the experimental plot and is invariant over time.,This is the control for an intercropping experiment. Crop varieties may change.,ERA (added here by AS),5_biodiversity..6_synergy..7_economic_diversification
Crop management,Diversification (temporal),Monoculture,Monoculture,Monoculture,Monoculture,A single crop is grown in the experimental plot and is invariant over time.,This is the control for an crop rotation experiment. Crop varieties may change.,ERA (added here by AS),5_biodiversity..6_synergy..7_economic_diversification
Crop management,Diversification (temporal),Simple Crop Rotation,Simple Crop Rotation,Simple Crop Rotation,Simple Crop Rotation,Control for improved rotations.,NA,ERA,5_biodiversity..6_synergy..7_economic_diversification
Crop management,Diversification (spatial),Simple intercropping,Simple intercropping,Simple intercropping,Simple Intercrop,Control for improved intercropping.,NA,ERA,5_biodiversity..6_synergy..7_economic_diversification
Crop management,Postharvest method,Improved Storage,NA,Improved Storage,Improved Chemical Storage,Using naturally derived or manufactured chemicals such as pesticides or preservatives improve storage. This could include adding actellic dust or fungicide to maize bags or fumigation of stores.,NA,ERA,NA
Crop management,Postharvest method,Improved Preservation,NA,Improved Preservation,Improved Drying,Changing the manner in which crops are dried.,NA,ERA,NA
Crop management,Postharvest method,Improved Storage,NA,Improved Storage,Improved Physical Storage,"Improving the way food stuffs are stored such as Purdue improved crop storage (PICS) bags, use of granaries or improvements to granaries.",NA,ERA,NA
Crop management,Postharvest method,Improved Preservation,NA,Improved Preservation,Uimproved Drying Technique,No or an unimproved drying technique is used to preserve food for storage.,Control for Improved Improved Drying.,ERA,NA
Crop management,Postharvest method,Unimproved Preservation,NA,Unimproved Preservation,Unimprove or No Preservation Technique,Typically no method is used to preserve stored foods or the method is considered to be unimproved.,Control for Improved Chemical Storage.,ERA,NA
Crop management,Postharvest method,Unimproved Storage,NA,Unimproved Storage,Unimproved Storage Structure,"Storing feeds/seeds in an unimproved manner, such as a traditional granary or storeroom.",Control for Improved Physical Storage.,ERA,NA
Crop management,Genetic improvement,Variety improvement,NA,Drought Tolerance,Drought Tolerance,An improved crop variety bred for potential resistance to drought.,NA,ERA,NA
Crop management,Genetic improvement,Variety improvement,NA,Heat Tolerance,Heat Tolerance,An improved crop variety bred for potential resistance to heat.,NA,ERA,NA
Crop management,Genetic improvement,Variety improvement,NA,Improved variety,Improved Seeds,"An improved crop variety bred for a specific quality other than drought, heat or salinity resistance (e.g. early maturity/short season or improved yields).",NA,ERA,NA
Crop management,Genetic improvement,Variety improvement,NA,Salinity Tolerance,Salinity Tolerance,An improved crop variety bred for potential resistance to salinity.,NA,ERA,NA
Crop management,Genetic improvement,Variety improvement,NA,Improved variety,Improved Variety (Trait Unknown),NA,NA,NA,NA
Crop management,Genetic improvement,Variety improvement,NA,Improved variety,Improved Variety (Traits Known),NA,NA,NA,NA
Crop management,Genetic improvement,Variety improvement,NA,Early Maturity/Short Season Variety,Early Maturity/Short Season Variety,NA,NA,NA,NA
Crop management,Genetic improvement,Unspecified variety,NA,Unspecified variety,Unspecified Variety,NA,NA,NA,NA
Crop management,Genetic improvement,Unimproved variety,Unimproved variety,Unimproved Variety,Unimproved Variety,"A crop variety that has not been improved through intensive crop breeding, for example a farmer's or local variety, or a landrace.",NA,ERA,NA
Crop management,Genetic variation,NA,NA,Intraspecific genetic variation,Single variety (pure stand),"Only one cultivar is planted, creating a genetically uniform crop stand.",NA,NA,NA
Crop management,Genetic variation,NA,NA,Intraspecific genetic variation,Varietal mixture,Varietal mixing is an agricultural practice that consists of sowing a heterogeneous mixture of varieties of the same species in the same plot. ,NA,"AS (https://dicoagroecologie.fr/en/dictionnaire/varietal-mixture/#:~:text=One%20way%20of%20curbing%20the,prospects%20that%20require%20futher%20exploration.)",NA
Crop management,Planting method,NA,NA,Planting arrangement,Control planting arrangement,An non-optimized planting arrangement that can be compared to a control treatment.,NA,AS based on ERA looup_levels$P.Prac.Pracs,NA
Crop management,Planting method,NA,NA,Planting,Control planting information,A control where decisions are made without the use of any improved or new decision support tools or techniques.,NA,AS based on ERA looup_levels$P.Info.Pracs,NA
Crop management,Planting method,NA,NA,Planting,Improved planting information,Planting decisions are made using an improved or new decision support tool or technique.,NA,AS based on ERA looup_levels$P.Info.Pracs,NA
Crop management,Planting method,NA,NA,Planting,Optimized planting arrangement,Planting arrangement is optimized compared to a control treatment.,NA,AS based on ERA looup_levels$P.Prac.Pracs,NA
Crop management,Planting method,NA,NA,Transplanting,Transplanting,NA,NA,NA,NA
Crop management,Harvesting method,NA,NA,Harvest Technique,Harvest Technique,"Changing the manner in which crops are harvested, for example using a new tool.",NA,ERA,NA
Crop management,Harvesting method,NA,NA,Harvesting Timing,Harvesting Timing,"Changing the time when crops are harvested, for example moving to piecemeal harvesting from all-at-once or havesting in the morning compared to the heat of the day.",NA,ERA,NA
Crop management,Harvesting method,NA,NA,Traditional harvesting method,Traditional harvesting method,Harvesting at usual times or with usual tools.,Control for improved/changed harvesting technique and/or timing.,ERA,NA
Landscape management,Diversification (spatial),Agroforestry,Agroforestry (high diversity),Agroforestry (high diversity),Agroforestry (high diversity),Relatively biodiverse agroforestry system (higher number of species),NA,ERA,5_biodiversity..6_synergy..7_economic_diversification
Landscape management,Shade management,Agroforestry,NA,Agroforestry (high shaded),Agroforestry (high shaded),NA,NA,BIOFincas,NA
Landscape management,Shade management,Agroforestry,NA,Agroforestry (high shaded),No pruning,NA,NA,NA,NA
Landscape management,Shade management,Agroforestry,NA,Agroforestry (high shaded),Shade Monoculture (high shade),Relatively more shaded agroforestry system (higher shade coverage),NA,BIOFincas,NA
Landscape management,Diversification (spatial),Agroforestry,Agroforestry (low diversity),Agroforestry (low diversity),Agroforestry (low diversity),Relatively simplified agroforestry system (lower number of species) (control of agroforestry - High diversity),NA,BIOFincas,5_biodiversity..6_synergy..7_economic_diversification
Landscape management,Shade management,Agroforestry,NA,Agroforestry (low shaded),Agroforestry (low shaded),NA,NA,BIOFincas,NA
Landscape management,Shade management,Agroforestry,NA,Agroforestry (low shaded),Severe pruning,NA,NA,NA,NA
Landscape management,Shade management,Agroforestry,NA,Agroforestry (low shaded),Shade Monoculture (low shade),Relatively less shaded agroforestry system (lower shade coverage),NA,BIOFincas,NA
Landscape management,Shade management,Agroforestry,NA,Agroforestry (moderate shaded),Agroforestry (moderate shaded),NA,NA,BIOFincas,NA
Landscape management,Shade management,Agroforestry,NA,Agroforestry (moderate shaded),Moderate pruning,NA,NA,NA,NA
Landscape management,Shade management,Agroforestry,NA,Agroforestry (moderate shaded),Shade Monoculture (moderate shade),NA,NA,BIOFincas,NA
Landscape management,Diversification (spatial temporal),Improved Fallow,Woody Fallow,Woody Fallow (N fixing),Agroforestry Fallow (N fixing),Planting fallows with short-rotation woody or perennial species that fix nitrogen.,NA,ERA,5_biodiversity..6_synergy..7_economic_diversification
Landscape management,Diversification (spatial temporal),Improved Fallow,Woody Fallow,Woody Fallow (N fixing),Agroforestry Fallow (N fixing) (>=1yr),Planting fallows with rotation woody or perennial species that fix nitrogen for more than one year,NA,NA,5_biodiversity..6_synergy..7_economic_diversification
Landscape management,Diversification (spatial temporal),Improved Fallow,Woody Fallow,Woody Fallow (N fixing),Agroforestry Fallow (N fixing) (>=6months),Planting fallows with rotation woody or perennial species that fix nitrogen for more than six months,NA,NA,5_biodiversity..6_synergy..7_economic_diversification
Landscape management,Diversification (spatial temporal),Improved Fallow,Woody Fallow,Woody Fallow (Non N fixing),Agroforestry Fallow (Non N fixing),Planting fallows with short-rotation woody or perennial species that do not fix nitrogen.,NA,ERA,5_biodiversity..6_synergy..7_economic_diversification
Landscape management,Diversification (spatial temporal),Improved Fallow,Woody Fallow,Woody Fallow (Unespecified),Agroforestry Fallow (Unspecified),Planting fallows with short-rotation woody or perennial species of an unknown type.,NA,ERA,5_biodiversity..6_synergy..7_economic_diversification
Landscape management,Diversification (spatial),Agroforestry,Alleycropping,Alleycropping,Alleycropping (N fixing and Non N fixing),Intercropping with rows or alleys of a mixture of trees or woody shrubs of which some but not all fix nitrogen.,NA,ERA,5_biodiversity..6_synergy..7_economic_diversification
Landscape management,Diversification (spatial),Agroforestry,Alleycropping,Alleycropping,Alleycropping (N fixing),Intercropping with rows or alleys of nitrogen fixing trees or woody shrubs.,NA,ERA,5_biodiversity..6_synergy..7_economic_diversification
Landscape management,Diversification (spatial),Agroforestry,Alleycropping,Alleycropping,Alleycropping (Non N fixing),Intercropping with rows or alleys of trees or woody shrubs that do not fix nitrogen.,NA,ERA,5_biodiversity..6_synergy..7_economic_diversification
Landscape management,Diversification (spatial),Agroforestry,Alleycropping,Alleycropping,Alleycropping (Unspecified),Intercropping with rows or alleys of trees or woody shrubs where no information about the type of plant is given.,NA,ERA,5_biodiversity..6_synergy..7_economic_diversification
Landscape management,Diversification (spatial),Agroforestry,Boundary Planting,Boundary Planting,Living Fences or Hedgerows,Living fence and hedges are planted in rows around the edge of the field to reduce the effect of wind or runoff on crops.,"Note some early agroforestry papers named alleycropping 'hedgerows', but any form of hedge intercropped within a field should be categorized as alleycropping.",ERA,5_biodiversity..6_synergy..7_economic_diversification
Landscape management,Diversification (spatial),Agroforestry,Boundary Planting,Boundary Planting,Tree Windbreak,Barriers of trees or shrubs planted along field boundaries to protect plants against wind.,NA,ERA,5_biodiversity..6_synergy..7_economic_diversification
Landscape management,Diversification (spatial),No Boundary Planting,No Boundary Planting,No Boundary Planting,No Living Fences or Hedgerows or Tree Windbreak,NA,NA,NA,5_biodiversity..6_synergy..7_economic_diversification
Landscape management,Diversification (spatial),Agroforestry,FMNR,FMNR,Farmer Managed Natural Regeneration,"Systematic regrowth of trees or shrubs on agricultural, forest or pasture land. FMNR is used in areas where there are stumps that can coppice or seeds that can germinate. Sometimes called farmer assisted regeneration.",Typically defined as FMNR or farmer assisted regeneration by author in text.,ERA,5_biodiversity..6_synergy..7_economic_diversification
Landscape management,Diversification (spatial),Agroforestry,Homegarden,Homegarden,Homegarden,"A homegarden is a small-scale, traditional land-use system located near a residence, typically managed by family members for subsistence or supplementary income. These, usually under 1-hectare, systems feature high biodiversity, combining annual/perennial crops, trees, and often livestock in multi-story structures that resemble natural ecosystems.",NA,AS,5_biodiversity..6_synergy..7_economic_diversification
Landscape management,Diversification (spatial),Monoculture,Monoculture,Monoculture,Monoculture,A single crop is grown in the experimental plot and is invariant over time.,This is the control for an intercropping experiment. Crop varieties may change.,ERA (added here by AS),5_biodiversity..6_synergy..7_economic_diversification
Landscape management,Diversification (spatial temporal),Agroforestry,Monoculture,Monoculture,Monoculture,A single crop is grown in the experimental plot and is invariant over time.,NA,ERA (added here by AS),5_biodiversity..6_synergy..7_economic_diversification
Landscape management,Shade management,Agroforestry,Monoculture,Monoculture,Monoculture,A single crop is grown in the experimental plot and is invariant over time.,NA,ERA (added here by AS),NA
Landscape management,Diversification (spatial),Agroforestry,Multistrata Agroforestry,Multistrata Agroforestry,Multistrata Agroforestry,"Multistorey systems agroforestry systems have several spatial strata occupied by different tree (i.e. woody) crops (coffee, tea, cacao, banana etc).","Typically identified as multistrata in the document text. 
- include two or more vegetation layers and more than one tree species 
- multiple tree crop species and crops (N-fixing legume cover crops)",ERA,5_biodiversity..6_synergy..7_economic_diversification
Landscape management,Diversification (spatial),Agroforestry,Other Agroforestry,Other Agroforestry,Other Agroforestry,Agroforestry practice that does not meet definitions in Agroforestry practice theme.,Please notify ERA team if you use this code.,BIOFincas,5_biodiversity..6_synergy..7_economic_diversification
Landscape management,Diversification (spatial),Agroforestry,Parklands,Parklands,Parklands,Intercropping under scattered or regularly planted trees.,Typically named parklands in the document text. Difference with scattered trees is unclear.,ERA,5_biodiversity..6_synergy..7_economic_diversification
Landscape management,Diversification (spatial),Agroforestry,Parklands,Parklands,Scattered Trees,"Unspecified sparse or scattered trees incorporated into croplands, pastures or rangelands.","Difference with Parklands is unclear, other than parklands is not mentioned in the definition.",ERA,5_biodiversity..6_synergy..7_economic_diversification
Landscape management,Diversification (spatial),Timber plantation,Timber plantation,Timber plantation,Timber plantation,The cultivation of tree species for use as timber,NA,BIOFincas,5_biodiversity..6_synergy..7_economic_diversification
Landscape management,Shade management,Agroforestry,NA,Unshaded,Unshaded,NA,NA,BIOFincas,NA
Landscape management,Diversification (components),Integrated farming,Silvopasture,Agrosilvopasture,Agrosilvopastoral System,Combination of livestock production systems (pastures) with trees or shrubs and crops.,NA,ERA,5_biodiversity..6_synergy..7_economic_diversification
Landscape management,Diversification (components),Integrated farming,NA,Aquasilviculture,Aquasilviculture,"An aquaculture practice in combination with a sylviculture practice in close spatial proximity. The classic example of this practice is fish or crustacean farming in mangroves, to conserve or restore mangrove trees and produce food.",NA,ERA,5_biodiversity..6_synergy..7_economic_diversification
Landscape management,Diversification (components),Integrated farming,NA,Integrated crop fish farming,Integrated crop fish farming,"Co-culture of crops and aquatic animals. Aquatic animals can improve soil quality, reducing insect pests.",NA,BIOFincas,5_biodiversity..6_synergy..7_economic_diversification
Landscape management,Diversification (components),Integrated farming,NA,Integrated crop fish livestock farming,Integrated crop fish livestock farming,NA,NA,AS,5_biodiversity..6_synergy..7_economic_diversification
Landscape management,Diversification (components),Integrated farming,NA,Integrated crop livestock,Integrated crop livestock,"Farm combining crop production and livestock rearing.(description used in Ekroos et al. 2010, pdf 438)",NA,BIOFincas,5_biodiversity..6_synergy..7_economic_diversification
Landscape management,Diversification (components),Integrated farming,Monoculture,Monoculture,Monoculture,A single crop is grown in the experimental plot and is invariant over time.,NA,ERA (added here by AS),5_biodiversity..6_synergy..7_economic_diversification
Landscape management,Diversification (components),Integrated farming,Open pasture,Open pasture,Open pasture,Pasture-based system without trees,NA,NA,5_biodiversity..6_synergy..7_economic_diversification
Landscape management,Diversification (components),Integrated farming,Silvopasture,Silvopasture,Silvopasture,Combination of trees or shrubs with pasture (forage grasses) and livestock,NA,ERA,5_biodiversity..6_synergy..7_economic_diversification
Landscape management,Landscape structure,NA,NA,NA,Buffer strips,"A strip of living trees and/or shrubs maintained mainly to provide shelter or to mitigate the impacts of actions on adjacent lands, to enhance aesthetic values, or as a best management practice. (FAO, 2010. Pollination Glossary, CSCM,.) Buffer strips are smaller-scale, targeted interventions used to address specific environmental concerns like water quality, soil erosion, or habitat creation.",NA,NA,NA
Landscape management,Landscape structure,NA,NA,NA,Field margins,NA,NA,NA,NA
Landscape management,Landscape structure,NA,NA,NA,Flower strips,Flower strips are semi-natural habitats made up of mixtures of native or exotic herbaceous species.,NA,NA,NA
Landscape management,Landscape structure,NA,NA,NA,Within field strip,NA,NA,NA,NA
Natural/seminatural habitats management,NA,NA,Forest,Primary forest,Forest (pristine/primary/unmanaged),Forests maintained as reserves for wildlife or other conservation purposes (Perfecto et al 2003 ref 132),NA,BIOFincas,NA
Natural/seminatural habitats management,NA,NA,Forest,Primary forest,Tropical deciduous forest,NA,NA,BIOFincas,NA
Natural/seminatural habitats management,NA,NA,Forest,Secondary forest,Secondary Forest,NA,NA,BIOFincas,NA
Natural/seminatural habitats management,NA,NA,NA,NA,Abandoned cropland,"Abandoned cropland left to rewild, with no mention of any intention to refarm the land",NA,BIOFincas,NA
Natural/seminatural habitats management,NA,NA,Forest,NA,Forest (condition/management unspecified),"Vegetation made up of four growth forms known as restoids (reed-like plants), ericoids (heath-like shrubs), geophytes (bulbous herbs) and sclerophyllous proteiods (tall shrubs with large leaves) (Cowling and Richardson, 1995).",NA,BIOFincas,NA
Natural/seminatural habitats management,NA,NA,Forest,NA,Forest (disturbed/managed),"Unmanaged forests, which can include primary or secondary tree growth",NA,BIOFincas,NA
Natural/seminatural habitats management,NA,NA,NA,NA,Fynbos,NA,NA,BIOFincas,NA
Natural/seminatural habitats management,NA,NA,Grassland,NA,Grassland (natural),NA,NA,BIOFincas,NA
Natural/seminatural habitats management,NA,NA,Grassland,NA,Grassland (semi natural),NA,NA,BIOFincas,NA
Natural/seminatural habitats management,NA,NA,Grassland,NA,Grassland (unknown if natural/semi-natural),NA,NA,BIOFincas,NA
Natural/seminatural habitats management,NA,NA,NA,NA,Remnant,Land with natural vegetation on or off-farm set aside (not used for farming) for biodiversity or other environmental purposes (it could be also that is inaccessible or inappropriate for ag).,NA,BIOFincas,NA
Natural/seminatural habitats management,NA,NA,NA,NA,Secondary Succesional Habitat,NA,NA,BIOFincas,NA
Natural/seminatural habitats management,NA,NA,Forest,NA,Semi natural forest,Forest of native or wild tree species mixed with some non-native or planted species,NA,BIOFincas,NA
Natural/seminatural habitats management,NA,NA,NA,NA,Shrubland,NA,NA,BIOFincas,NA
Natural/seminatural habitats management,NA,NA,NA,NA,Wetlands,NA,NA,BIOFincas,NA
Natural/seminatural habitats management,NA,NA,NA,NA,Woodland,NA,NA,BIOFincas,NA
Nutrient management,Fertilization,External input dependency,Inorganic management,Inorganic and Organic Fertilizers,Inorganic and Organic Fertilizers,NA,NA,AS,2_input_reduction
Nutrient management,Fertilization,External input dependency,Inorganic management,Inorganic Fertilizer,Inorganic Fertilizer,Synthetic fertilizers added,NA,AS,2_input_reduction
Nutrient management,Fertilization,External input dependency,Inorganic management,Inorganic Fertilizer,Inorganic K Inputs,"The addition of potassium (K) inorganic inputs to fields, typically to test application timing or amount.",NA,ERA,2_input_reduction
Nutrient management,Fertilization,External input dependency,Inorganic management,Inorganic Fertilizer,Inorganic Micronutrients Inputs,"The addition of micronutrients such as Fe, B, Cu, Mo, Zn, Mn, Cl, Ni, or Si typically to test application timing or amount.",NA,ERA,2_input_reduction
Nutrient management,Fertilization,External input dependency,Inorganic management,Inorganic Fertilizer,Inorganic N Inputs,"The addition of nitrogen (N) inorganic inputs to fields, typically to test application timing or amount.",NA,ERA,2_input_reduction
Nutrient management,Fertilization,External input dependency,Inorganic management,Inorganic Fertilizer,Inorganic P Inputs,"The addition of phosphorous (P) inorganic inputs to fields, typically to test application timing or amount.",NA,ERA,2_input_reduction
Nutrient management,Fertilization,External input dependency,Inorganic management,Inorganic Fertilizer,Micro dosing,The technology is based on the application of small doses of fertilizer ,NA,AS,2_input_reduction
Nutrient management,Fertilization,External input dependency,Inorganic management,Inorganic Fertilizer,Urea,"The addition of urea (a source of nitrogen) to fields, typically to test application timing or amount.",NA,ERA,2_input_reduction
Nutrient management,Fertilization,External input dependency,Inorganic management,Inorganic Fertilizer Control,Conventional input (fertilizer) use,Addition of fertilizer without any specific measurement,NA,ERA,2_input_reduction
Nutrient management,Fertilization,External input dependency,Inorganic management,Inorganic Fertilizer Control,Recommend rate of fertilizer,Addition of recommended amount of fertilizer following soil tests. This is to be used when the papers specifically says the recommended rates.,NA,ERA,2_input_reduction
Nutrient management,Fertilization,Input reduction,Inorganic management,Inorganic Fertilizer Reduction,Inorganic K Reduction,The reduction of potassium (K) inorganic inputs relative to a control practice.,"This practice is not available in the ERA data entry process, it added by comparison logic.",ERA,2_input_reduction
Nutrient management,Fertilization,Input reduction,Inorganic management,Inorganic Fertilizer Reduction,Inorganic N Reduction,The reduction of nitrogen (N) inorganic inputs relative to a control practice.,"This practice is not available in the ERA data entry process, it added by comparison logic.",ERA,2_input_reduction
Nutrient management,Fertilization,Input reduction,Inorganic management,Inorganic Fertilizer Reduction,Inorganic P Reduction,The reduction of phosphorous (P) inorganic inputs relative to a control practice.,"This practice is not available in the ERA data entry process, it added by comparison logic.",ERA,2_input_reduction
Nutrient management,Fertilization,No Fertilizers Applied,Organic management,No Fertilizers Applied,No Fertilizers Applied,No inputs of inorganic or organic fertilizer.,A control for fertilizers addition treatments.,ERA,2_input_reduction
Nutrient management,Fertilization,Input substitution,Organic management,Organic Fertilizer,Ash,Application of plant ash to fields.,NA,ERA,2_input_reduction
Nutrient management,Fertilization,Input substitution,Organic management,Organic Fertilizer,Biosolids,"Biosolids are treated and processed sewage sludge applied to fields as a fertilizer. Biosolids do not include industrial waste products, e.g. sugar production waste, ethanol production waste.",NA,ERA,2_input_reduction
Nutrient management,Fertilization,Input substitution,Organic management,Organic Fertilizer,Compost,"Application of composted plant material to the field, typically to test application timing or amount. Composts are organic materials which have been piled, moistened, and allowed to undergo biological decomposition","Typically identified by author. Include composted manures under the Manure practice, not here.",ERA,2_input_reduction
Nutrient management,Fertilization,Input substitution,Organic management,Organic Fertilizer,Kraaling or Parcage,A south and west African method of housing animals at night in crop fields to produce manure.,NA,ERA,2_input_reduction
Nutrient management,Fertilization,Input substitution,Organic management,Organic Fertilizer,Manure,"Application of animal manure to the field, typically to test application timing or amount. This does not include biosolids such as sewage which have their own practice codes.",Include composted manures here.,ERA,2_input_reduction
Nutrient management,Fertilization,Input substitution,Organic management,Organic Fertilizer,Organic (Other),An organic input that does not match any other category in ERA.,Please notify ERA team if you use this code.,ERA,2_input_reduction
Nutrient management,Fertilization,Input substitution,Organic management,Organic Fertilizer substitution,Biosolids Substitution,"Compared to a control practice that does not apply biosolids and does apply inorganic fertilizers, this practice shows reduced, but not eliminated, inorganic fertilizer use (N, P, and/or K) and application of biosolids to the field. This represents partial substitution of inorganic inputs with organic inputs. Biosolids are treated and processed sewage sludge applied to fields as a fertilizer. Biosolids do not include industrial waste products, e.g. sugar production waste, ethanol production waste.","This practice is not available in the ERA data entry process, it added by comparison logic.",ERA,2_input_reduction
Nutrient management,Fertilization,Input substitution,Organic management,Organic Fertilizer substitution,Compost Substitution,"Compared to a control practice that does not apply compost and does apply inorganic fertilizers, this practice shows reduced, but not eliminated, inorganic fertilizer use (N, P, and/or K) and application of composted plant material to the field. This represents partial substitution of inorganic inputs with organic inputs. Composts are organic materials which have been piled, moistened, and allowed to undergo biological decomposition.","This practice is not available in the ERA data entry process, it added by comparison logic.",ERA,2_input_reduction
Nutrient management,Fertilization,Input substitution,Organic management,Organic Fertilizer substitution,Kraaling or Parcage Substitution,"Compared to a control practice that does not use kraaling and does apply inorganic fertilizers, this practice shows reduced, but not eliminated, inorganic fertilizer use (N, P, and/or K) and use of kraaling. This represents partial substitution of inorganic inputs with organic inputs. Kraaling is a south and west African method of housing animals at night in crop fields to produce manure.","This practice is not available in the ERA data entry process, it added by comparison logic.",ERA,2_input_reduction
Nutrient management,Fertilization,Input substitution,Organic management,Organic Fertilizer substitution,Manure Substitution,"Compared to a control practice that does not apply animal manures and does apply inorganic fertilizers, this practice shows reduced, but not eliminated, inorganic fertilizer use (N, P, and/or K) and application of animal manures to the field. This represents partial substitution of inorganic inputs with organic inputs. This does not include biosolids such as sewage which have their own practice codes.","This practice is not available in the ERA data entry process, it added by comparison logic.",ERA,2_input_reduction
Nutrient management,Fertilization,Input substitution,Organic management,Organic Fertilizer substitution,Organic (Other) Substitution,"An organic input that does not match any other category in ERA. Compared to a control practice that does not use this other organic input and does apply inorganic fertilizers, this practice shows reduced, but not eliminated, inorganic fertilizer use (N, P, and/or K) and use of this other organic input. This represents partial substitution of inorganic inputs with organic inputs.","This practice is not available in the ERA data entry process, it added by comparison logic.",ERA,2_input_reduction
Nutrient management,Fertilization,Unspecified,Unspecified,Unspecified,Unspecified (if  fertilizer org or inorg was applied),Unspecified if fertilization (organic or inorganic) was applied,NA,NA,2_input_reduction
Nutrient management,Fertilization,Input substitution,Organic management,Organic management,Organic certified,NA,NA,NA,2_input_reduction
Pest management,Pest management in plants,Fungi control,No Chemical Applied,No Chemical Applied,No Fungicide Applied,NA,NA,NA,2_input_reduction
Pest management,Pest management in plants,Fungi control,Biochemical control,Non-synthetic pesticide,Biofungicide,NA,NA,AS based on ERA 01_chemicals$C.Type,2_input_reduction
Pest management,Pest management in plants,Fungi control,Chemical control,Synthetic pesticide,Fungicide,NA,NA,AS based on ERA 01_chemicals$C.Type,2_input_reduction
Pest management,Pest management in plants,No Inoculation,NA,No Inoculation,No Biofertilizer Applied,NA,NA,NA,NA
Pest management,Pest management in plants,Inoculants,Inoculation,Inoculation,Biofertilizer,NA,NA,AS based on ERA 01_chemicals$C.Type,2_input_reduction
Pest management,Pest management in plants,Inoculants,Inoculation,Inoculation,Seed inoculation,NA,NA,AS based on ERA 01_chemicals$C.Type,2_input_reduction
Pest management,Pest management in plants,Inoculants,Inoculation,Inoculation,Soil inoculation,NA,NA,AS based on ERA 01_chemicals$C.Type,2_input_reduction
Pest management,Pest management in plants,Inoculants,No Chemical Applied,No Chemical Applied,No Inoculation Applied,NA,NA,NA,2_input_reduction
Pest management,Pest management in plants,Insects control,No Chemical Applied,No Chemical Applied,No Insecticide Applied,NA,NA,NA,2_input_reduction
Pest management,Pest management in plants,Insects control,Biochemical control,Non-synthetic pesticide,Bioinsecticide,NA,NA,AS based on ERA 01_chemicals$C.Type,2_input_reduction
Pest management,Pest management in plants,Insects control,Chemical control,Synthetic pesticide,Insecticide,NA,NA,AS based on ERA 01_chemicals$C.Type,2_input_reduction
Pest management,Pest management in plants,Nematodes control,No Chemical Applied,No Chemical Applied,No Nematicide Applied,NA,NA,NA,2_input_reduction
Pest management,Pest management in plants,Nematodes control,Biochemical control,Non-synthetic pesticide,Bionematicide,NA,NA,NA,2_input_reduction
Pest management,Pest management in plants,Nematodes control,Chemical control,Synthetic pesticide,Nematicide,NA,NA,AS based on ERA 01_chemicals$C.Type,2_input_reduction
Pest management,Pest management in plants,Pest control,No Chemical Applied,No Chemical Applied,No Pesticides Applied,No inputs of chemical pesticides.,NA,AS,2_input_reduction
Pest management,Pest management in plants,Pest control,Biochemical control,Non-synthetic pesticide,Biopesticide,NA,NA,AS based on ERA 01_chemicals$C.Type,2_input_reduction
Pest management,Pest management in plants,Pest control,Chemical control,Synthetic pesticide,Synthetic pesticides,Synthetic pesticides added,NA,BIOFincas,2_input_reduction
Pest management,Pest management in plants,Rodents control,No Chemical Applied,No Chemical Applied,No Rodenticide Applied,NA,NA,NA,2_input_reduction
Pest management,Pest management in plants,Rodents control,Chemical control,Synthetic pesticide,Rodenticide,NA,NA,AS based on ERA 01_chemicals$C.Type,2_input_reduction
Pest management,Pest management in plants,Weed control,Mechanical control,Mechanical method,Bioherbicide,Suppression of weed growth or killing weeds using bioherbicides,NA,AS based on ERA 01_chemicals$C.Type,2_input_reduction
Pest management,Pest management in plants,Weed control,Mechanical control,Mechanical method,Flail,Flailing is a mechanical method of weed control that uses a rotating chain to beat down weeds in crops.,NA,AS based on ERA lookuplevels$W.Type,2_input_reduction
Pest management,Pest management in plants,Weed control,Mechanical control,Mechanical method,Hand Hoe,"Hand hoeing involves using a hoe to chop weeds at soil level, disrupting their growth and killing them.",NA,AS based on ERA lookuplevels$W.Type,2_input_reduction
Pest management,Pest management in plants,Weed control,Mechanical control,Mechanical method,Hand Weeding (Unspecified),"Extraction of weeds by hands through pulling or use of tools like panga, hoe etc.",NA,ERA,2_input_reduction
Pest management,Pest management in plants,Weed control,Mechanical control,Mechanical method,Hand Weeding (Cutlass),Manually removing undesired plants using a cutlass.,NA,AS based on ERA lookuplevels$W.Type,2_input_reduction
Pest management,Pest management in plants,Weed control,Mechanical control,Mechanical method,Hand Weeding (Machete),Manually removing undesired plants using a machete.,NA,AS based on ERA lookuplevels$W.Type,2_input_reduction
Pest management,Pest management in plants,Weed control,Mechanical control,Mechanical method,Hand Weeding (Pulling),Physically removing undesired plants by hand.,NA,AS based on ERA lookuplevels$W.Type,2_input_reduction
Pest management,Pest management in plants,Weed control,Mechanical control,Mechanical method,Manual,"Manual weeding refers to any method of weed control that involves physical labor, such as pulling weeds by hand or using hand tools.",NA,AS based on ERA lookuplevels$W.Type,2_input_reduction
Pest management,Pest management in plants,Weed control,Mechanical control,Mechanical method,Mechanical (Unspecified),"Mechanical weeded is used, but the methodological details are not provided.",NA,AS based on ERA lookuplevels$W.Type,2_input_reduction
Pest management,Pest management in plants,Weed control,No Chemical Applied,No Chemical Applied,No Herbicide Applied,No inputs of inorganic or organic herbicides.,NA,AS based on ERA lookuplevels$W.Type,2_input_reduction
Pest management,Pest management in plants,Weed control,No Chemical Applied,No Chemical Applied,No Weeding Applied,weeds were allowed to grow naturally within the plots without any removal or control,NA,NA,2_input_reduction
Pest management,Pest management in plants,Weed control,Chemical control,Synthetic pesticide,Chemical weed control,Weeds are controlled through an applied substance that causes physiological damage. Complete details of the weeding practice in Chemicals section,NA,NA,2_input_reduction
Pest management,Pest management in plants,NA,NA,Unspecified,Unspecified (if pesticide org or inorg was applied),Unspecified if pesticide (organic or inorganic) was applied,NA,NA,NA
Pest management,Pest management in plants,Weed control,Chemical control,Synthetic pesticide,Herbicide,Suppression of weed growth or killing weeds using chemicals,NA,AS based on ERA 01_chemicals$C.Type,2_input_reduction
Pest management,Pest management in animals,NA,NA,Acaricide,Animal (Acaricide),NA,NA,AS based on ERA 01_chemicals$C.Type,NA
Pest management,Pest management in animals,No Chemical Applied,NA,No Chemical Applied,No Acaricide Applied,NA,NA,NA,NA
Pest management,Pest management in animals,NA,NA,Adjuvant,Adjuvant,NA,NA,AS based on ERA 01_chemicals$C.Type,NA
Pest management,Pest management in animals,NA,NA,Antiaflatoxin,Animal (Antiaflatoxin),NA,NA,AS based on ERA 01_chemicals$C.Type,NA
Pest management,Pest management in animals,NA,NA,Antibiotic,Animal (Antibiotic),NA,NA,AS based on ERA 01_chemicals$C.Type,NA
Pest management,Pest management in animals,No Chemical Applied,NA,No Chemical Applied,No Antibiotic Applied,NA,NA,NA,NA
Pest management,Pest management in animals,NA,NA,Antihelmintic,Animal (Antihelmintic),NA,NA,AS based on ERA 01_chemicals$C.Type,NA
Pest management,Pest management in animals,NA,NA,Antimicrobial,Animal (Antimicrobial),NA,NA,AS based on ERA 01_chemicals$C.Type,NA
Pest management,Pest management in animals,NA,NA,Antiparasitic,Animal (Antiparasitic),NA,NA,AS based on ERA 01_chemicals$C.Type,NA
Pest management,Pest management in animals,No Chemical Applied,NA,No Chemical Applied,No Antiparasitic Applied,NA,NA,NA,NA
Pest management,Pest management in animals,NA,NA,Antiprotozoal,Animal (Antiprotozoal),NA,NA,AS based on ERA 01_chemicals$C.Type,NA
Pest management,Pest management in animals,NA,NA,Antistress,Antistress,NA,NA,AS based on ERA 01_chemicals$C.Type,NA
Pest management,Pest management in animals,No Chemical Applied,NA,No Chemical Applied,No Antistress Applied,NA,NA,NA,NA
Pest management,Pest management in animals,NA,NA,Binder,Binder,NA,NA,AS based on ERA 01_chemicals$C.Type,NA
Pest management,Pest management in animals,NA,NA,Insecticide,Animal (Antiparasitic;Insecticide),NA,NA,AS based on ERA 01_chemicals$C.Type,NA
Pest management,Pest management in animals,NA,NA,Insecticide,Animal (Insecticide;Insecticide),NA,NA,AS based on ERA 01_chemicals$C.Type,NA
Pest management,Pest management in animals,NA,NA,Promoter,Animal (Growth Promoter),NA,NA,AS based on ERA 01_chemicals$C.Type,NA
Pest management,Pest management in animals,No Chemical Applied,NA,No Chemical Applied,No Growth Promoter Applied,NA,NA,NA,NA
Pest management,Pest management in animals,NA,NA,Prostaglandin Analogue,Synthetic Prostaglandin Analogue,NA,NA,AS based on ERA 01_chemicals$C.Type,NA
Pest management,Pest management in animals,NA,NA,Tocolytic,Tocolytic,NA,NA,AS based on ERA 01_chemicals$C.Type,NA
Pest management,Pest management in animals,NA,NA,Vitamin,Vitamin Injection,NA,NA,NA,NA
Pest management,Pest management in animals,No Chemical Applied,NA,No Chemical Applied,No Vaccine Applied,NA,NA,NA,NA
Pest management,Pest management in animals,NA,NA,Vaccine,Animal (Vaccine),NA,NA,AS based on ERA 01_chemicals$C.Type,NA
Soil management,Diversification (temporal),Bare Fallow,Fallow Unimproved,Bare Fallow,Natural Fallow (<6months),Natural or Bare Fallow for at least six months,NA,AS,5_biodiversity..6_synergy..7_economic_diversification
Soil management,Diversification (temporal),Bare Fallow,Fallow Unimproved,Bare Fallow,Natural Fallow (>1yr),Natural or Bare Fallow for at least 1 year,NA,BIOFincas,5_biodiversity..6_synergy..7_economic_diversification
Soil management,Diversification (temporal),Bare Fallow,Fallow Unimproved,Bare Fallow,Natural Fallow (>6months),Natural or Bare Fallow for at least six months,NA,BIOFincas,5_biodiversity..6_synergy..7_economic_diversification
Soil management,Diversification (temporal),Bare Fallow,Fallow Unimproved,Bare Fallow,Natural or Bare Fallow,A fallowing practice where the land is left unmanaged between production periods.,This is the control practice for improved fallows.,ERA,5_biodiversity..6_synergy..7_economic_diversification
Soil management,Diversification (temporal),Improved Fallow,Improved Fallow,Improved Fallow (Mixed),Improved Fallow (N fixing and Non N fixing),"Planting fallows with nitrogen-fixing (leguminous) and non nitrogen-fixing plant species to improve soil health, often lasting more than one season.",NA,ERA,5_biodiversity..6_synergy..7_economic_diversification
Soil management,Diversification (temporal),Improved Fallow,Improved Fallow,Improved Fallow (N fixing),Improved Fallow (N fixing),"Planting fallows with nitrogen-fixing (leguminous) plant species to improve soil health, often lasting more than one season.",NA,ERA,5_biodiversity..6_synergy..7_economic_diversification
Soil management,Diversification (temporal),Improved Fallow,Improved Fallow,Improved Fallow (N fixing),Improved Fallow (N fixing) (>1yr),Planting fallows with nitrogen-fixing (leguminous) plant species to improve soil health. Fallow period must be at least one year.,NA,AS,5_biodiversity..6_synergy..7_economic_diversification
Soil management,Diversification (temporal),Improved Fallow,Improved Fallow,Improved Fallow (N fixing),Improved Fallow (N fixing) (>6months),Planting fallows with nitrogen-fixing (leguminous) plant species to improve soil health. Fallow period must be at least 6 months.,NA,AS,5_biodiversity..6_synergy..7_economic_diversification
Soil management,Diversification (temporal),Improved Fallow,Improved Fallow,Improved Fallow (Non N fixing),Improved Fallow (Non N fixing),"Planting fallows with non nitrogen-fixing (not leguminous) plant species to improve soil health, often lasting more than one season.",NA,ERA,5_biodiversity..6_synergy..7_economic_diversification
Soil management,Diversification (temporal),Improved Fallow,Improved Fallow,Improved Fallow (Unspecified),Improved Fallow (Unspecified),"Planting fallows with unspecified plant species to improve soil health, typically lasting more than one season.",NA,ERA,5_biodiversity..6_synergy..7_economic_diversification
Soil management,Diversification (spatial),Green manure,Green manure,Green Manure (Mixed),Green Manure (N fixing and Non N fixing In Space),"Non-harvested mixed nitrogen fixing (leguminous) and non-nitrogen fixing plants grown at the same time as harvested crops. For example a rotation where in season one a maize main crop is planted (from which grain is harvested) then the next season (or in-between seasons) a green manure is planted (from which no components were harvested for consumption, fibre or sale).",Green manures may be associated with Mulch codes in the Soil Management theme if their residues remain on the surface of the field or residue incorporation subpractices when ploughed into the field.,ERA,5_biodiversity..6_synergy..7_economic_diversification
Soil management,Diversification (temporal),Green manure,Green manure,Green Manure (Mixed),Green Manure (N fixing and Non N fixing In Time),NA,NA,AS,5_biodiversity..6_synergy..7_economic_diversification
Soil management,Diversification (spatial),Green manure,Green manure,Green Manure (N fixing),Green Manure (N fixing In Space),"Non-harvested nitrogen fixing (leguminous) plants grown at the same time as harvested crops. For example a rotation where in season one a maize main crop is planted (from which grain is harvested) then the next season (or in-between seasons) a green manure is planted (from which no components were harvested for consumption, fibre or sale).",Green manures may be associated with Mulch codes in the Soil Management theme if their residues remain on the surface of the field or residue incorporation subpractices when ploughed into the field.,ERA,5_biodiversity..6_synergy..7_economic_diversification
Soil management,Diversification (temporal),Green manure,Green manure,Green Manure (N fixing),Green Manure (N fixing In Time),"Non-harvested nitrogen fixing (leguminous) plants grown at a different time to harvested crops in system. For example a rotation where in season one a maize main crop is planted (from which grain is harvested) then the next season (or in-between seasons) a green manure is planted (from which no components were harvested for consumption, fibre or sale).",Green manures may be associated with Mulch codes in the Soil Management theme if their residues remain on the surface of the field or residue incorporation subpractices when ploughed into the field.,ERA,5_biodiversity..6_synergy..7_economic_diversification
Soil management,Diversification (spatial),Green manure,Green manure,Green Manure (Non N fixing),Green Manure (Non N fixing In Space),"Non-harvested non-nitrogen fixing (not leguminous) plants grown at the same time as harvested crops.For example a rotation where in season one a maize main crop is planted (from which grain is harvested) then the next season (or in-between seasons) a green manure is planted (from which no components were harvested for consumption, fibre or sale).",Green manures may be associated with Mulch codes in the Soil Management theme if their residues remain on the surface of the field or residue incorporation subpractices when ploughed into the field.,ERA,5_biodiversity..6_synergy..7_economic_diversification
Soil management,Diversification (temporal),Green manure,Green manure,Green Manure (Non N fixing),Green Manure (Non N fixing In Time),"Non-harvested non-nitrogen fixing (not leguminous) plants grown at a different time to harvested crops in system.For example a rotation where in season one a maize main crop is planted (from which grain is harvested) then the next season (or in-between seasons) a green manure is planted (from which no components were harvested for consumption, fibre or sale).",Green manures may be associated with Mulch codes in the Soil Management theme if their residues remain on the surface of the field or residue incorporation subpractices when ploughed into the field.,ERA,5_biodiversity..6_synergy..7_economic_diversification
Soil management,Diversification (spatial),Monoculture,Monoculture,Monoculture,Monoculture,A single crop is grown in the experimental plot and is invariant over time.,NA,ERA (added here by AS),5_biodiversity..6_synergy..7_economic_diversification
Soil management,Diversification (temporal),Monoculture,Monoculture,Monoculture,Monoculture,A single crop is grown in the experimental plot and is invariant over time.,NA,ERA (added here by AS),5_biodiversity..6_synergy..7_economic_diversification
Soil management,NA,Biochar,NA,Biochar,Biochar,Application of biochar.,NA,ERA,NA
Soil management,Tillage,Conventional Tillage,NA,Conventional Tillage,Conventional Tillage,"Tillage that is not considered to be reduced, typically includes methods such as moldboard plough which invert the upper layers of the soil.","The definition depends on the context, for example ridge and furrow may be reduced in some instances, but conventional in others.",ERA,NA
Soil management,Tillage,Zero Tillage,NA,Zero Tillage,No or Zero Tillage,No or zero tillage. Planted may use a dibble stick or other direct seeding methods.,As defined by the author. Zero tillage can be compared to to reduced or conventional tillage.,ERA,NA
Soil management,Tillage,Zero Tillage,NA,Zero Tillage,No Till (Off season),Used in the unusal situation where off-season tillage erroneously adds a no-tillage ERA practice to a rotation sequence (add example from HK0314),NA,ERA,NA
Soil management,Tillage,Reduced Tillage,NA,Reduced Tillage,Reduced or Minimum Tillage,"Any tillage practice which reduces, but does not eliminate (no or zero tillage), soil disturbance. Examples include strip tillage, ripping, subsoiling or reducing the number of tillage passes or depth of tillage.",Typically defined by the author. Reduced tillage can be compared to conventional tillage.,ERA,NA
Soil management,Tillage,Reduced Tillage,NA,Reduced Tillage,Reduced Tillage (Off season),Used in the unusal situation where off-season tillage erroneously adds a reduced tillage ERA practice to a rotation sequence (add example from HK0314),NA,ERA,NA
Soil management,pH Control,Liming,NA,Liming,Liming or Calcium Addition,"Application of lime (e.g., dolomite) or forms of calcium (e.g. oyster shells) to the field to raise the pH.",NA,ERA,NA
Soil management,pH Control,No liming,NA,No liming,No Liming (control),NA,NA,NA,NA
Water management,Blue Water Management,Irrigation,Irrigation,Deficit Irrigation,Deficit Irrigation,Application of water below full crop requirements compared to a control of conventional irrigation.,NA,ERA,NA
Water management,Blue Water Management,Irrigation,Irrigation,Improved Rice Management,Alternate Wetting & Drying (AWD),"Repeated flooding and draining of paddy rice fields, managed responsively in relation to soil moisture levels.",NA,ERA,NA
Water management,Blue Water Management,Irrigation,Irrigation,Improved Rice Management,Midseason Drainage,"The paddy rice field is drained during the season, but usually only once.",NA,ERA,NA
Water management,Blue Water Management,Irrigation,Irrigation,Improved Rice Management,Reduced Water Use in Rice,Practices that reduce water use in rice that are not alternate wetting & drying (AWD) or midseason drainage. Consider creating a new practice rather than using this code.,NA,ERA,NA
Water management,Blue Water Management,Irrigation,Irrigation,Improved Rice Management,System of Rice Intensification (SRI),"If possible it is best to unpack SRI into its component practices rather than using this practice code. If impossible to disaggregate the SRI practice then use this code. 
SRI is a system package which can include early transplanting (8-12 days), 25cm spacing and alternate wet and dry. Identified by authors.",NA,ERA,NA
Water management,Blue Water Management,Irrigation,Irrigation,Partial rootzone irrigation,Alternate Partial Rootzone Irrigation,Part of the root is exposed to drying soil and the remaining is irrigated in accordance with crop requirements and soil drying rate. This practice is also called partial root zone drying (PRD).,NA,ERA,NA
Water management,Blue Water Management,Irrigation,Irrigation,Localized irrigation,Drip Irrigation,The use of plastic pipes to drip water into the soil at low pressure.,NA,ERA,NA
Water management,Water Management,Irrigation,Irrigation,Full irrigation,Fully Irrigated Control or Experiment,The crop is fully irrigated.,A control that can be compared to experimental treatments that apply less water (e.g. deficit irrigation) or this code can be giving to control and treatment where both are irrigated (e.g. rice grown in paddies).,ERA,NA
Water management,Blue Water Management,Irrigation,Irrigation,Irrigation (other),Irrigation (Other),The use of improved irrigation that isn't more specifically defined.,NA,ERA,NA
Water management,Blue Water Management,Irrigation,Irrigation,Sprinkler irrigation,Sprinkler Irrigation,Application of irrigation through sprinkler technology.,NA,ERA,NA
Water management,Water Management,No irrigation,No irrigation,Rainfed agriculture,No Irrigation Control or Rainfed Agriculture,"No irrigation used, rainfed agriculture.",A control practice that can be compared to the practice of supplemental irrigation.,ERA,NA
Water management,Water Management,Irrigation,Planting,Transplanting,Transplanting Seedlings. This practice code has only been applied to the 2018 dataset,"Transplanting young seedlings, a practice commonly used to improve rice management in irrigated systems.",NA,ERA,NA
Water management,Water Management,No irrigation,No irrigation,Rainfed agriculture,Unspecified (if it was irrigated),Unspecified if fertilization (organic or inorganic) was applied,NA,NA,NA
Water management,Blue Water Management,Irrigation,Supplemental Irrigation,Supplemental Irrigation,Supplemental Irrigation,The addition of irrigation to typically rainfed crops.,NA,ERA,NA
Water management,Green Water Management,Soil consevation,Erosion control,Contour bunding,Bunds,"A permanent or semi-permanent ridge of soil or stone typically constructed along a contour that slows water from moving off-site, names include contour bunds, stone bunds, semicircular bunds.",NA,ERA,NA
Water management,Blue Water Management,Water harvesting,Rain water harvesting,Water storage structures,Cisterns and Tanks,The active collection and storage of water runoff for irrigation purposes.,NA,ERA,NA
Water management,Blue Water Management,Water harvesting,Water harvesting,Water storage structures,Dam,Construction or enhancement of water capture and storage using small dams (e.g. Chaco dams).,NA,ERA,NA
Water management,Green Water Management,Soil consevation,Terracing,Terracing,Fanya Juu or Fanya Chini,"A local method used in Tanzania of ditches dug on steep slopes. Fanya juu are terraces constructed by digging ditches and heaping the soil, forming bunds in the upper sides of the ditches. Fanya chini are similar to fanya juus except that the soil is put on the lower side of the contour trench.",Typically identified by the author.,ERA,NA
Water management,Green Water Management,Soil consevation,Erosion control,Vegetative filter strips,Grass Strips,"Strips of grass within a field or farm created for erosion control, typically they are placed along contour lines.",NA,ERA,NA
Water management,Green Water Management,Water harvesting,Rain water harvesting,Microcatchments,Microcatchments,"Microcatchment is a term for infield water catchment. Negarim microcatchments, for example, are diamond-shaped basins surrounded by small earth bunds with an infiltration pit in the lowest corner of each. Runoff is collected from within the basin and stored in the infiltration pit. Microcatchments are mainly used for growing trees or bushes.",Typically identified by the author.,ERA,NA
Water management,Green Water Management,Water harvesting,Rain water harvesting,Microcatchments,Planting Basins,"Small planting pits dug to capture water, crops are planted directly into the pits.","Typically identified by the author.
If pits are dug one year and then kept across many seasons, after season one this can be considered a form of reduced tillage.",ERA,NA
Water management,Green Water Management,Water harvesting,Rain water harvesting,Contour bunding,Ridge & Furrow,The mounding of soil to allow movement and storage of water in a furrow next to the ridge. Ridges are usually remade each season.,"This practices is also a tillage practice, but it's nature depends on the comparison. Sometimes it reduced tillage (e.g., if compared to deep mechanical tillage), sometimes it's conventional practice (e.g. if compared to no-tillage).",ERA,NA
Water management,Green Water Management,Soil consevation,Erosion control,Contour bunding,Stone Rows,"Stones piled in rows within a field, typically along contour lines, for the purpose of rainwater harvesting or soil water conservation.",NA,ERA,NA
Water management,Green Water Management,Soil consevation,Terracing,Terracing,Terraces,The soil of steeply sloping fields is dug into large steps.,NA,ERA,NA
Water management,Green Water Management,Water harvesting,Rain water harvesting,Contour bunding,Tied Ridges,Basins are made by digging out shallow furrows along the contour lines of a slope and making ridges on the downside of the furrows. These are “tied” together by slightly lower ridges which are made at regular intervals along the furrows.,"If tied ridges are dug one year and then kept across many seasons, after season one this can be considered a form of reduced tillage, this will typically be identified by the author.",ERA,NA
Water management,Green Water Management,Water harvesting,Rain water harvesting,Contour bunding,Trench,A trench dug along the contour lines of a field to capture water. This practice should have no associated bunds or banks with the trench.,NA,ERA,NA
Water management,Green Water Management,Water harvesting,Rain water harvesting,Microcatchments,Zai Pits,"Small pits to capture water. Pits are filled with manure, compost or other nutrient sources before the rainy season. Crops are planted directly into the pits.","Usually associated with a mulch, compost or manure practice.
Typically identified by the author.",ERA,NA
NA,NA,Energy,NA,Biogas,Biofertilizer,Fertilizer (biofertilizer) produced using a biodigestor slurry.,USE COMPOST CODE b29,ERA,NA
NA,NA,Energy,NA,Biogas,Biogas,Biogas production from from anaerobic biodigesters.,"The comparison for this practice can be wood fuel or charcoal production as traditional energy sources (the outcomes would be cost, labor, fuel use, cooking time, etc.).",ERA,NA
NA,NA,Energy,NA,Biogas,Biogas Switching,Switching of biodigestors biomass feedstocks.,Biodigestor papers only.,ERA,NA
NA,NA,Energy,NA,Biogas,Predominant Biodigestor Model,NA,NA,ERA,NA
NA,NA,Energy,NA,Biogas/cookstove,Conventional Biomass Feedstocks,Use of normal/usual feedstocks in a biomass digestor.,NA,ERA,NA
NA,NA,Energy,NA,Cookstove,Conventional Energy Sources,A conventional or normal source of fuel.,A control for cookstove fuel switching.,ERA,NA
NA,NA,Energy,NA,Cookstove,Cookstove Switching,Switching cookstove biomass feedstocks.,Cooking fuel studies only. Changing the source of fuel doesn't count (e.g. unsustainable wood from source A vs sustianable fuel from source B).,ERA,NA
NA,NA,Energy,NA,Cookstove,Improved Cookstoves,"Improved cookstove designed to burn biomass fuels in a cleaner and more efficient manner than conventional practice (e.g., traditional three-stone fires).",NA,ERA,NA
NA,NA,Energy,NA,Cookstove,Unimproved Stove Technology,Use of traditional stoves for burning biomass fuels lile traditional three-stone; a control for improved cookstoves,A control for an improved cookstove.,ERA,NA
NA,NA,Non-CSA,NA,Agronomy,Continuous Cropping,"A single crop is grown in the experimental plot, this is invariant over the course of the experiment.",This is the control for an intercropping experiment.,ERA,NA
NA,NA,Non-CSA,NA,Non CSA,Non CSA,"general, other, typically should not be used",NA,ERA,NA
NA,NA,NA,NA,Crop Strips,Crop strips,cultivation with the additional border crops grown on the dikes,NA,AS,NA
NA,NA,NA,NA,NA,Open,NA,NA,NA,NA
