CT_crop_FAO_Food_Group_clean,diversification_spatial_temporal_theme,biomass_management_practice,nutrient_management_practice,soil_management_theme,active_groups,water_management_practice,impact,n,neg,pos
Cereals,C: Crop rotation_vs_T: Crop rotation,C: Crop residues removed_vs_T: Organic mulch (herbaceus),C: Inorganic Fertilizer_vs_T: Inorganic Fertilizer,C: Conventional Tillage_vs_T: Reduced Tillage,biomass_management..diversification_temporal..nutrient_management..soil_management,NA,Costs,12,0.5,0.5
Cereals,C: Crop rotation_vs_T: Crop rotation,C: Crop residues removed_vs_T: Organic mulch (herbaceus),C: Inorganic Fertilizer_vs_T: Inorganic Fertilizer,C: Conventional Tillage_vs_T: Reduced Tillage,biomass_management..diversification_temporal..nutrient_management..soil_management,NA,Income,24,0.5,0.5
Cereals,C: Crop rotation_vs_T: Crop rotation,C: Crop residues removed_vs_T: Organic mulch (herbaceus),C: Inorganic Fertilizer_vs_T: Inorganic Fertilizer,C: Conventional Tillage_vs_T: Reduced Tillage,biomass_management..diversification_temporal..nutrient_management..soil_management,NA,Non-Product Yield,12,0,1
Cereals,C: Crop rotation_vs_T: Crop rotation,C: Crop residues removed_vs_T: Organic mulch (herbaceus),C: Inorganic Fertilizer_vs_T: Inorganic Fertilizer,C: Conventional Tillage_vs_T: Reduced Tillage,biomass_management..diversification_temporal..nutrient_management..soil_management,NA,Product Yield,24,0,1
Cereals,C: Intercropping_vs_T: Intercropping,NA,C: No Fertilizers Applied_vs_T: Inorganic Fertilizer,NA,diversification_spatial..nutrient_management,NA,Product Yield,12,0.4166666666666667,0.5833333333333334
Cereals,C: Monoculture_vs_T: Agroforestry,C: Crop residues incorporated_vs_T: Crop residues incorporated,NA,NA,biomass_management..diversification_spatial,NA,Product Yield,80,0.4625,0.5375
Cereals,C: Monoculture_vs_T: Agroforestry,NA,C: Inorganic Fertilizer_vs_T: Inorganic Fertilizer,NA,diversification_spatial..nutrient_management,NA,Product Yield,89,0.3707865168539326,0.6292134831460674
Cereals,C: Monoculture_vs_T: Agroforestry,NA,NA,C: Conventional Tillage_vs_T: Conventional Tillage,diversification_spatial..soil_management..water_management,C: Contour bunding_vs_T: Contour bunding,Product Yield,2,1,0
Cereals,C: Monoculture_vs_T: Agroforestry,NA,NA,NA,diversification_spatial,NA,Efficiency,43,0,1
Cereals,C: Monoculture_vs_T: Agroforestry,NA,NA,NA,diversification_spatial,NA,Non-Product Yield,32,0.25,0.75
Cereals,C: Monoculture_vs_T: Agroforestry,NA,NA,NA,diversification_spatial,NA,Product Yield,315,0.5587301587301587,0.44126984126984126
Cereals,C: Monoculture_vs_T: Agroforestry; C: Monoculture_vs_T: Crop rotation,NA,C: Inorganic Fertilizer_vs_T: Inorganic Fertilizer,NA,diversification_spatial..diversification_temporal..nutrient_management,NA,Product Yield,12,0.9166666666666666,0.08333333333333333
Cereals,C: Monoculture_vs_T: Agroforestry; C: Monoculture_vs_T: Crop rotation,NA,NA,NA,diversification_spatial..diversification_temporal,NA,Product Yield,6,0,1
Cereals,C: Monoculture_vs_T: Agroforestry; C: Monoculture_vs_T: Improved Fallow,NA,NA,NA,diversification_spatial..diversification_temporal,NA,Costs,1,1,0
Cereals,C: Monoculture_vs_T: Agroforestry; C: Monoculture_vs_T: Improved Fallow,NA,NA,NA,diversification_spatial..diversification_temporal,NA,Income,5,0.2,0.8
Cereals,C: Monoculture_vs_T: Crop rotation,C: Crop residues removed_vs_T: Crop residues retained,C: Inorganic Fertilizer_vs_T: Inorganic Fertilizer,C: Conventional Tillage_vs_T: Zero Tillage,biomass_management..diversification_temporal..nutrient_management..soil_management,NA,Product Yield,54,0.12962962962962962,0.8703703703703703
Cereals,C: Monoculture_vs_T: Crop rotation,C: Crop residues removed_vs_T: Organic mulch (herbaceus),C: Inorganic Fertilizer_vs_T: Inorganic Fertilizer,C: Conventional Tillage_vs_T: Zero Tillage,biomass_management..diversification_temporal..nutrient_management..soil_management,NA,Product Yield,2,0.5,0.5
Cereals,C: Monoculture_vs_T: Crop rotation,C: Crop residues removed_vs_T: Organic mulch (herbaceus),NA,C: Conventional Tillage_vs_T: Zero Tillage,biomass_management..diversification_temporal..soil_management,NA,Product Yield,2,0.5,0.5
Cereals,C: Monoculture_vs_T: Crop rotation,C: Crop residues removed_vs_T: Organic mulch (herbaceus),NA,NA,biomass_management..diversification_temporal,NA,Product Yield,15,0.3333333333333333,0.6666666666666666
Cereals,C: Monoculture_vs_T: Crop rotation,C: Crop residues removed_vs_T: Organic mulch (unspecified),NA,NA,biomass_management..diversification_temporal,NA,Product Yield,26,0.19230769230769232,0.8076923076923077
Cereals,C: Monoculture_vs_T: Crop rotation,C: Crop residues retained_vs_T: Crop residues removed,C: Inorganic Fertilizer_vs_T: Inorganic Fertilizer,C: Reduced Tillage_vs_T: Conventional Tillage,biomass_management..diversification_temporal..nutrient_management..soil_management,NA,Product Yield,14,0.6428571428571429,0.35714285714285715
Cereals,C: Monoculture_vs_T: Crop rotation,C: Crop residues retained_vs_T: Crop residues removed,C: Inorganic Fertilizer_vs_T: Inorganic Fertilizer,C: Zero Tillage_vs_T: Conventional Tillage,biomass_management..diversification_temporal..nutrient_management..soil_management,NA,Product Yield,14,0.7142857142857143,0.2857142857142857
Cereals,C: Monoculture_vs_T: Crop rotation,C: Organic mulch (herbaceus)_vs_T: Organic mulch (herbaceus),NA,C: Conventional Tillage_vs_T: Zero Tillage,biomass_management..diversification_temporal..soil_management,NA,Product Yield,1,1,0
Cereals,C: Monoculture_vs_T: Crop rotation,NA,C: Inorganic Fertilizer_vs_T: Inorganic Fertilizer,C: Conventional Tillage_vs_T: Reduced Tillage,diversification_temporal..nutrient_management..soil_management,NA,Product Yield,6,0,1
Cereals,C: Monoculture_vs_T: Crop rotation,NA,C: Inorganic Fertilizer_vs_T: Inorganic Fertilizer,C: Reduced Tillage_vs_T: Conventional Tillage,diversification_temporal..nutrient_management..soil_management,NA,Product Yield,6,1,0
Cereals,C: Monoculture_vs_T: Green manure,NA,NA,NA,diversification_spatial,NA,Non-Product Yield,6,0.6666666666666666,0.3333333333333333
Cereals,C: Monoculture_vs_T: Green manure,NA,NA,NA,diversification_spatial,NA,Product Yield,6,0.5,0.5
Cereals,C: Monoculture_vs_T: Green manure,NA,NA,NA,diversification_temporal,NA,Non-Product Yield,1,0,1
Cereals,C: Monoculture_vs_T: Green manure,NA,NA,NA,diversification_temporal,NA,Product Yield,1,0,1
Cereals,C: Monoculture_vs_T: Green manure,NA,NA,NA,diversification_temporal,NA,Soil Quality,1,0,1
Cereals,C: Monoculture_vs_T: Intercropping,C: Crop residues incorporated_vs_T: Crop residues incorporated,NA,NA,biomass_management..diversification_spatial,NA,Product Yield,36,0.3888888888888889,0.6111111111111112
Cereals,C: Monoculture_vs_T: Intercropping,C: Crop residues removed_vs_T: Crop residues removed,NA,NA,biomass_management..diversification_spatial,NA,Non-Product Yield,13,0.38461538461538464,0.6153846153846154
Cereals,C: Monoculture_vs_T: Intercropping,C: Crop residues removed_vs_T: Crop residues removed,NA,NA,biomass_management..diversification_spatial,NA,Product Yield,23,0.34782608695652173,0.6521739130434783
Cereals,C: Monoculture_vs_T: Intercropping,C: Crop residues removed_vs_T: Crop residues retained,C: Inorganic Fertilizer_vs_T: Inorganic Fertilizer,C: Conventional Tillage_vs_T: Zero Tillage,biomass_management..diversification_spatial..nutrient_management..soil_management,NA,Product Yield,8,0.75,0.25
Cereals,C: Monoculture_vs_T: Intercropping,C: Crop residues removed_vs_T: Organic mulch (herbaceus),C: Inorganic Fertilizer_vs_T: Inorganic Fertilizer,C: Conventional Tillage_vs_T: Zero Tillage,biomass_management..diversification_spatial..nutrient_management..soil_management,NA,Product Yield,217,0.815668202764977,0.18433179723502305
Cereals,C: Monoculture_vs_T: Intercropping,C: Crop residues removed_vs_T: Organic mulch (herbaceus),NA,C: Conventional Tillage_vs_T: Zero Tillage,biomass_management..diversification_spatial..soil_management,NA,Product Yield,1,0,1
Cereals,C: Monoculture_vs_T: Intercropping,C: Crop residues removed_vs_T: Organic mulch (herbaceus),NA,NA,biomass_management..diversification_spatial,NA,Product Yield,4,0,1
Cereals,C: Monoculture_vs_T: Intercropping,C: Crop residues removed_vs_T: Organic mulch (unspecified),NA,NA,biomass_management..diversification_spatial,NA,Product Yield,11,0.45454545454545453,0.5454545454545454
Cereals,C: Monoculture_vs_T: Intercropping,C: Organic mulch (herbaceus)_vs_T: Crop residues removed,C: Inorganic Fertilizer_vs_T: Inorganic Fertilizer,C: Zero Tillage_vs_T: Conventional Tillage,biomass_management..diversification_spatial..nutrient_management..soil_management,NA,Product Yield,216,0.5694444444444444,0.4305555555555556
Cereals,C: Monoculture_vs_T: Intercropping,C: Organic mulch (herbaceus)_vs_T: Organic mulch (herbaceus),NA,C: Conventional Tillage_vs_T: Conventional Tillage,biomass_management..diversification_spatial..soil_management,NA,Non-Product Yield,3,0.6666666666666666,0.3333333333333333
Cereals,C: Monoculture_vs_T: Intercropping,C: Organic mulch (herbaceus)_vs_T: Organic mulch (herbaceus),NA,C: Conventional Tillage_vs_T: Conventional Tillage,biomass_management..diversification_spatial..soil_management,NA,Product Yield,3,0.6666666666666666,0.3333333333333333
Cereals,C: Monoculture_vs_T: Intercropping,C: Organic mulch (herbaceus)_vs_T: Organic mulch (herbaceus),NA,C: Conventional Tillage_vs_T: Zero Tillage,biomass_management..diversification_spatial..soil_management,NA,Non-Product Yield,6,0.5,0.5
Cereals,C: Monoculture_vs_T: Intercropping,C: Organic mulch (herbaceus)_vs_T: Organic mulch (herbaceus),NA,C: Conventional Tillage_vs_T: Zero Tillage,biomass_management..diversification_spatial..soil_management,NA,Product Yield,5,0.6,0.4
Cereals,C: Monoculture_vs_T: Intercropping,NA,C: Inorganic Fertilizer_vs_T: Inorganic Fertilizer,NA,diversification_spatial..nutrient_management,NA,Product Yield,83,0.6506024096385542,0.3493975903614458
Cereals,C: Monoculture_vs_T: Intercropping,NA,NA,C: Zero Tillage_vs_T: Conventional Tillage,diversification_spatial..soil_management,NA,Product Yield,2,0,1
Cereals,C: Monoculture_vs_T: Intercropping,NA,NA,NA,diversification_spatial,NA,Emissions,9,0.8888888888888888,0.1111111111111111
Cereals,C: Monoculture_vs_T: Intercropping,NA,NA,NA,diversification_spatial,NA,Non-Product Yield,9,0.3333333333333333,0.6666666666666666
Cereals,C: Monoculture_vs_T: Intercropping,NA,NA,NA,diversification_spatial,NA,Pest & Pathogen,2,1,0
Cereals,C: Monoculture_vs_T: Intercropping,NA,NA,NA,diversification_spatial,NA,Product Yield,382,0.3507853403141361,0.6492146596858639
Cereals,C: Monoculture_vs_T: Intercropping + Green manure,NA,NA,NA,diversification_spatial,NA,Non-Product Yield,8,0.5,0.5
Cereals,C: Monoculture_vs_T: Intercropping + Green manure,NA,NA,NA,diversification_spatial,NA,Product Yield,52,0.28846153846153844,0.7115384615384616
Cereals,NA,C: Crop residues burnt_vs_T: Organic mulch (herbaceus),C: Inorganic Fertilizer_vs_T: Inorganic Fertilizer,C: Conventional Tillage_vs_T: Reduced Tillage,biomass_management..nutrient_management..soil_management,NA,Costs,2,1,0
Cereals,NA,C: Crop residues burnt_vs_T: Organic mulch (herbaceus),C: Inorganic Fertilizer_vs_T: Inorganic Fertilizer,C: Conventional Tillage_vs_T: Reduced Tillage,biomass_management..nutrient_management..soil_management,NA,Income,6,0.3333333333333333,0.6666666666666666
Cereals,NA,C: Crop residues burnt_vs_T: Organic mulch (herbaceus),C: Inorganic Fertilizer_vs_T: Inorganic Fertilizer,C: Conventional Tillage_vs_T: Reduced Tillage,biomass_management..nutrient_management..soil_management,NA,Labour,2,1,0
Cereals,NA,C: Crop residues burnt_vs_T: Organic mulch (herbaceus),C: Inorganic Fertilizer_vs_T: Inorganic Fertilizer,C: Conventional Tillage_vs_T: Reduced Tillage,biomass_management..nutrient_management..soil_management,NA,Non-Product Yield,2,0.5,0.5
Cereals,NA,C: Crop residues burnt_vs_T: Organic mulch (herbaceus),C: Inorganic Fertilizer_vs_T: Inorganic Fertilizer,C: Conventional Tillage_vs_T: Reduced Tillage,biomass_management..nutrient_management..soil_management,NA,Product Yield,2,0.5,0.5
Cereals,NA,C: Crop residues burnt_vs_T: Organic mulch (herbaceus),C: Inorganic Fertilizer_vs_T: Inorganic Fertilizer,C: Conventional Tillage_vs_T: Zero Tillage,biomass_management..nutrient_management..soil_management,NA,Costs,2,1,0
Cereals,NA,C: Crop residues burnt_vs_T: Organic mulch (herbaceus),C: Inorganic Fertilizer_vs_T: Inorganic Fertilizer,C: Conventional Tillage_vs_T: Zero Tillage,biomass_management..nutrient_management..soil_management,NA,Income,2,0.5,0.5
Cereals,NA,C: Crop residues burnt_vs_T: Organic mulch (herbaceus),C: Inorganic Fertilizer_vs_T: Inorganic Fertilizer,C: Conventional Tillage_vs_T: Zero Tillage,biomass_management..nutrient_management..soil_management,NA,Labour,2,1,0
Cereals,NA,C: Crop residues burnt_vs_T: Organic mulch (herbaceus),C: Inorganic Fertilizer_vs_T: Inorganic Fertilizer,C: Conventional Tillage_vs_T: Zero Tillage,biomass_management..nutrient_management..soil_management,NA,Non-Product Yield,2,0.5,0.5
Cereals,NA,C: Crop residues burnt_vs_T: Organic mulch (herbaceus),C: Inorganic Fertilizer_vs_T: Inorganic Fertilizer,C: Conventional Tillage_vs_T: Zero Tillage,biomass_management..nutrient_management..soil_management,NA,Product Yield,2,0.5,0.5
Cereals,NA,C: Crop residues grazed_vs_T: Crop residues grazed,C: Inorganic and Organic Fertilizers_vs_T: Inorganic and Organic Fertilizers,NA,biomass_management..nutrient_management,NA,Product Yield,1,0,1
Cereals,NA,C: Crop residues grazed_vs_T: Crop residues grazed,C: Inorganic and Organic Fertilizers_vs_T: Inorganic and Organic Fertilizers,NA,biomass_management..nutrient_management,NA,Soil Quality,2,0,1
Cereals,NA,C: Crop residues grazed_vs_T: Crop residues grazed,C: No Fertilizers Applied_vs_T: Inorganic Fertilizer,NA,biomass_management..nutrient_management,NA,Product Yield,3,0,1
Cereals,NA,C: Crop residues grazed_vs_T: Crop residues grazed,C: No Fertilizers Applied_vs_T: Inorganic Fertilizer,NA,biomass_management..nutrient_management,NA,Soil Quality,6,0.8333333333333334,0.16666666666666666
Cereals,NA,C: Crop residues grazed_vs_T: Crop residues grazed,C: No Fertilizers Applied_vs_T: Inorganic and Organic Fertilizers,NA,biomass_management..nutrient_management,NA,Product Yield,1,0,1
Cereals,NA,C: Crop residues grazed_vs_T: Crop residues grazed,C: No Fertilizers Applied_vs_T: Inorganic and Organic Fertilizers,NA,biomass_management..nutrient_management,NA,Soil Quality,2,0,1
Cereals,NA,C: Crop residues grazed_vs_T: Crop residues grazed,C: No Fertilizers Applied_vs_T: Organic Fertilizer,NA,biomass_management..nutrient_management,NA,Product Yield,1,0,1
Cereals,NA,C: Crop residues grazed_vs_T: Crop residues grazed,C: No Fertilizers Applied_vs_T: Organic Fertilizer,NA,biomass_management..nutrient_management,NA,Soil Quality,2,0,1
Cereals,NA,C: Crop residues grazed_vs_T: Crop residues incorporated,NA,NA,biomass_management,NA,Product Yield,6,0,1
Cereals,NA,C: Crop residues grazed_vs_T: Crop residues incorporated,NA,NA,biomass_management,NA,Soil Quality,12,0.25,0.75
Cereals,NA,C: Crop residues incorporated_vs_T: Crop residues incorporated,C: No Fertilizers Applied_vs_T: Inorganic Fertilizer,NA,biomass_management..nutrient_management,NA,Economic Performance,18,1,0
Cereals,NA,C: Crop residues incorporated_vs_T: Crop residues incorporated,C: No Fertilizers Applied_vs_T: Inorganic Fertilizer,NA,biomass_management..nutrient_management,NA,Labour,18,1,0
Cereals,NA,C: Crop residues incorporated_vs_T: Crop residues incorporated,C: No Fertilizers Applied_vs_T: Inorganic Fertilizer,NA,biomass_management..nutrient_management,NA,Product Yield,129,0,1
Cereals,NA,C: Crop residues incorporated_vs_T: Crop residues incorporated,C: Organic Fertilizer_vs_T: Inorganic and Organic Fertilizers,NA,biomass_management..nutrient_management,NA,Product Yield,42,0.21428571428571427,0.7857142857142857
Cereals,NA,C: Crop residues incorporated_vs_T: Crop residues incorporated,NA,NA,biomass_management,NA,Product Yield,88,0.3522727272727273,0.6477272727272727
Cereals,NA,C: Crop residues incorporated_vs_T: Crop residues removed,C: Organic Fertilizer_vs_T: Inorganic and Organic Fertilizers,NA,biomass_management..nutrient_management,NA,Product Yield,42,0.5714285714285714,0.42857142857142855
Cereals,NA,C: Crop residues incorporated_vs_T: Crop residues removed,C: Organic Fertilizer_vs_T: Inorganic and Organic Fertilizers,NA,biomass_management..nutrient_management,NA,Soil Quality,12,0.16666666666666666,0.8333333333333334
Cereals,NA,C: Crop residues removed_vs_T: Crop residues incorporated,C: Inorganic Fertilizer_vs_T: Inorganic Fertilizer,NA,biomass_management..nutrient_management,NA,Product Yield,48,0.14583333333333334,0.8541666666666666
Cereals,NA,C: Crop residues removed_vs_T: Crop residues incorporated,NA,NA,biomass_management,NA,Efficiency,16,1,0
Cereals,NA,C: Crop residues removed_vs_T: Crop residues incorporated,NA,NA,biomass_management,NA,Product Yield,114,0.3508771929824561,0.6491228070175439
Cereals,NA,C: Crop residues removed_vs_T: Crop residues incorporated,NA,NA,biomass_management,NA,Soil Quality,32,0.46875,0.53125
Cereals,NA,C: Crop residues removed_vs_T: Crop residues removed,C: Inorganic Fertilizer_vs_T: Inorganic Fertilizer,C: Conventional Tillage_vs_T: Conventional Tillage,biomass_management..nutrient_management..soil_management,NA,Product Yield,8,0.5,0.5
Cereals,NA,C: Crop residues removed_vs_T: Crop residues removed,C: Inorganic Fertilizer_vs_T: Inorganic Fertilizer,C: Zero Tillage_vs_T: Conventional Tillage,biomass_management..nutrient_management..soil_management,NA,Costs,2,0,1
Cereals,NA,C: Crop residues removed_vs_T: Crop residues removed,C: Inorganic Fertilizer_vs_T: Inorganic Fertilizer,C: Zero Tillage_vs_T: Conventional Tillage,biomass_management..nutrient_management..soil_management,NA,Income,4,0.25,0.75
Cereals,NA,C: Crop residues removed_vs_T: Crop residues removed,C: Inorganic Fertilizer_vs_T: Inorganic Fertilizer,C: Zero Tillage_vs_T: Conventional Tillage,biomass_management..nutrient_management..soil_management,NA,Product Yield,4,0,1
Cereals,NA,C: Crop residues removed_vs_T: Crop residues removed,C: Inorganic Fertilizer_vs_T: Inorganic Fertilizer,C: Zero Tillage_vs_T: Reduced Tillage,biomass_management..nutrient_management..soil_management,NA,Costs,2,0,1
Cereals,NA,C: Crop residues removed_vs_T: Crop residues removed,C: Inorganic Fertilizer_vs_T: Inorganic Fertilizer,C: Zero Tillage_vs_T: Reduced Tillage,biomass_management..nutrient_management..soil_management,NA,Income,4,0.25,0.75
Cereals,NA,C: Crop residues removed_vs_T: Crop residues removed,C: Inorganic Fertilizer_vs_T: Inorganic Fertilizer,C: Zero Tillage_vs_T: Reduced Tillage,biomass_management..nutrient_management..soil_management,NA,Product Yield,4,0,1
Cereals,NA,C: Crop residues removed_vs_T: Crop residues removed,C: Inorganic Fertilizer_vs_T: Inorganic Fertilizer,NA,biomass_management..nutrient_management,NA,Costs,3,0.6666666666666666,0.3333333333333333
Cereals,NA,C: Crop residues removed_vs_T: Crop residues removed,C: Inorganic Fertilizer_vs_T: Inorganic Fertilizer,NA,biomass_management..nutrient_management,NA,Income,6,0.3333333333333333,0.6666666666666666
Cereals,NA,C: Crop residues removed_vs_T: Crop residues removed,C: Inorganic Fertilizer_vs_T: Inorganic Fertilizer,NA,biomass_management..nutrient_management,NA,Product Yield,36,0.4722222222222222,0.5277777777777778
Cereals,NA,C: Crop residues removed_vs_T: Crop residues removed,C: Inorganic Fertilizer_vs_T: Inorganic Fertilizer,NA,biomass_management..nutrient_management,NA,Soil Quality,6,1,0
Cereals,NA,C: Crop residues removed_vs_T: Crop residues removed,C: Inorganic Fertilizer_vs_T: Inorganic and Organic Fertilizers,NA,biomass_management..nutrient_management,NA,Product Yield,6,0,1
Cereals,NA,C: Crop residues removed_vs_T: Crop residues removed,C: Inorganic Fertilizer_vs_T: Organic Fertilizer,NA,biomass_management..nutrient_management,NA,Product Yield,2,0,1
Cereals,NA,C: Crop residues removed_vs_T: Crop residues removed,C: No Fertilizers Applied_vs_T: Biochar,NA,biomass_management..nutrient_management,NA,Product Yield,2,0,1
Cereals,NA,C: Crop residues removed_vs_T: Crop residues removed,C: No Fertilizers Applied_vs_T: Biochar + Inorganic Fertilizer,NA,biomass_management..nutrient_management,NA,Product Yield,2,0,1
Cereals,NA,C: Crop residues removed_vs_T: Crop residues removed,C: No Fertilizers Applied_vs_T: Inorganic Fertilizer,NA,biomass_management..nutrient_management,NA,Product Yield,43,0.09302325581395349,0.9069767441860465
Cereals,NA,C: Crop residues removed_vs_T: Crop residues removed,C: No Fertilizers Applied_vs_T: Inorganic and Organic Fertilizers,C: Conventional Tillage_vs_T: Conventional Tillage,biomass_management..nutrient_management..soil_management,NA,Product Yield,30,0.1,0.9
Cereals,NA,C: Crop residues removed_vs_T: Crop residues removed,C: No Fertilizers Applied_vs_T: Inorganic and Organic Fertilizers,NA,biomass_management..nutrient_management,NA,Efficiency,16,1,0
Cereals,NA,C: Crop residues removed_vs_T: Crop residues removed,C: No Fertilizers Applied_vs_T: Inorganic and Organic Fertilizers,NA,biomass_management..nutrient_management,NA,Product Yield,32,0.0625,0.9375
Cereals,NA,C: Crop residues removed_vs_T: Crop residues removed,C: No Fertilizers Applied_vs_T: Organic Fertilizer,NA,biomass_management..nutrient_management,NA,Product Yield,32,0.25,0.75
Cereals,NA,C: Crop residues removed_vs_T: Crop residues removed,NA,C: Conventional Tillage_vs_T: Reduced Tillage,biomass_management..soil_management,NA,Product Yield,8,0,1
Cereals,NA,C: Crop residues removed_vs_T: Crop residues removed,NA,C: Conventional Tillage_vs_T: Reduced Tillage,biomass_management..soil_management,NA,Soil Quality,4,0,1
Cereals,NA,C: Crop residues removed_vs_T: Crop residues removed,NA,C: Conventional Tillage_vs_T: Zero Tillage,biomass_management..soil_management,NA,Income,6,0,1
Cereals,NA,C: Crop residues removed_vs_T: Crop residues removed,NA,C: Conventional Tillage_vs_T: Zero Tillage,biomass_management..soil_management,NA,Non-Product Yield,3,0.3333333333333333,0.6666666666666666
Cereals,NA,C: Crop residues removed_vs_T: Crop residues removed,NA,C: Conventional Tillage_vs_T: Zero Tillage,biomass_management..soil_management,NA,Product Yield,9,0,1
Cereals,NA,C: Crop residues removed_vs_T: Crop residues removed,NA,C: Conventional Tillage_vs_T: Zero Tillage,biomass_management..soil_management,NA,Soil Quality,2,0,1
Cereals,NA,C: Crop residues removed_vs_T: Crop residues removed,NA,C: Zero Tillage_vs_T: Zero Tillage,biomass_management..soil_management,NA,Product Yield,12,0.75,0.25
Cereals,NA,C: Crop residues removed_vs_T: Crop residues removed,NA,C: Zero Tillage_vs_T: Zero Tillage,biomass_management..soil_management,NA,Soil Quality,12,0.25,0.75
Cereals,NA,C: Crop residues removed_vs_T: Crop residues removed,NA,NA,biomass_management,NA,Costs,4,0.5,0.5
Cereals,NA,C: Crop residues removed_vs_T: Crop residues removed,NA,NA,biomass_management,NA,Income,4,1,0
Cereals,NA,C: Crop residues removed_vs_T: Crop residues removed,NA,NA,biomass_management,NA,Labour,2,0,1
Cereals,NA,C: Crop residues removed_vs_T: Crop residues removed,NA,NA,biomass_management,NA,Product Yield,68,0.20588235294117646,0.7941176470588235
Cereals,NA,C: Crop residues removed_vs_T: Crop residues retained,C: Inorganic Fertilizer_vs_T: Inorganic Fertilizer,C: Conventional Tillage_vs_T: Reduced Tillage,biomass_management..nutrient_management..soil_management,NA,Product Yield,22,0.22727272727272727,0.7727272727272727
Cereals,NA,C: Crop residues removed_vs_T: Crop residues retained,C: Inorganic Fertilizer_vs_T: Inorganic Fertilizer,C: Conventional Tillage_vs_T: Zero Tillage,biomass_management..nutrient_management..soil_management,NA,Product Yield,36,0.2777777777777778,0.7222222222222222
Cereals,NA,C: Crop residues removed_vs_T: Crop residues retained,C: Inorganic Fertilizer_vs_T: Inorganic Fertilizer,C: Conventional Tillage_vs_T: Zero Tillage,biomass_management..nutrient_management..soil_management,NA,Soil Quality,130,0.43846153846153846,0.5615384615384615
Cereals,NA,C: Crop residues removed_vs_T: Crop residues retained,C: Inorganic Fertilizer_vs_T: Inorganic Fertilizer,C: Zero Tillage_vs_T: Reduced Tillage,biomass_management..nutrient_management..soil_management,NA,Costs,2,0,1
Cereals,NA,C: Crop residues removed_vs_T: Crop residues retained,C: Inorganic Fertilizer_vs_T: Inorganic Fertilizer,C: Zero Tillage_vs_T: Reduced Tillage,biomass_management..nutrient_management..soil_management,NA,Income,4,0,1
Cereals,NA,C: Crop residues removed_vs_T: Crop residues retained,C: Inorganic Fertilizer_vs_T: Inorganic Fertilizer,C: Zero Tillage_vs_T: Reduced Tillage,biomass_management..nutrient_management..soil_management,NA,Product Yield,4,0,1
Cereals,NA,C: Crop residues removed_vs_T: Crop residues retained,NA,C: Conventional Tillage_vs_T: Zero Tillage,biomass_management..soil_management,NA,Soil Quality,4,1,0
Cereals,NA,C: Crop residues removed_vs_T: Crop residues retained,NA,C: Zero Tillage_vs_T: Conventional Tillage,biomass_management..soil_management,NA,Product Yield,18,0.16666666666666666,0.8333333333333334
Cereals,NA,C: Crop residues removed_vs_T: Crop residues retained,NA,C: Zero Tillage_vs_T: Conventional Tillage,biomass_management..soil_management,NA,Soil Quality,18,0.9444444444444444,0.05555555555555555
Cereals,NA,C: Crop residues removed_vs_T: Crop residues retained,NA,C: Zero Tillage_vs_T: Reduced Tillage,biomass_management..soil_management,NA,Product Yield,18,0.2777777777777778,0.7222222222222222
Cereals,NA,C: Crop residues removed_vs_T: Crop residues retained,NA,C: Zero Tillage_vs_T: Reduced Tillage,biomass_management..soil_management,NA,Soil Quality,18,0.8333333333333334,0.16666666666666666
Cereals,NA,C: Crop residues removed_vs_T: Organic mulch (herbaceus),C: Inorganic Fertilizer_vs_T: Inorganic Fertilizer,C: Conventional Tillage_vs_T: Zero Tillage,biomass_management..nutrient_management..soil_management,NA,Product Yield,218,0.7155963302752294,0.28440366972477066
Cereals,NA,C: Crop residues removed_vs_T: Organic mulch (herbaceus),C: Inorganic Fertilizer_vs_T: Inorganic Fertilizer,C: Conventional Tillage_vs_T: Zero Tillage,biomass_management..nutrient_management..soil_management,NA,Soil Quality,1,1,0
Cereals,NA,C: Crop residues removed_vs_T: Organic mulch (herbaceus),NA,C: Conventional Tillage_vs_T: Conventional Tillage,biomass_management..soil_management,NA,Product Yield,8,0.125,0.875
Cereals,NA,C: Crop residues removed_vs_T: Organic mulch (herbaceus),NA,C: Conventional Tillage_vs_T: Conventional Tillage,biomass_management..soil_management,NA,Soil Quality,4,0.75,0.25
Cereals,NA,C: Crop residues removed_vs_T: Organic mulch (herbaceus),NA,C: Conventional Tillage_vs_T: Zero Tillage,biomass_management..soil_management,NA,Product Yield,2,0.5,0.5
Cereals,NA,C: Crop residues removed_vs_T: Organic mulch (herbaceus),NA,NA,biomass_management,NA,Costs,9,1,0
Cereals,NA,C: Crop residues removed_vs_T: Organic mulch (herbaceus),NA,NA,biomass_management,NA,Economic Performance,10,1,0
Cereals,NA,C: Crop residues removed_vs_T: Organic mulch (herbaceus),NA,NA,biomass_management,NA,Income,9,0.2222222222222222,0.7777777777777778
Cereals,NA,C: Crop residues removed_vs_T: Organic mulch (herbaceus),NA,NA,biomass_management,NA,Labour,9,1,0
Cereals,NA,C: Crop residues removed_vs_T: Organic mulch (herbaceus),NA,NA,biomass_management,NA,Product Yield,64,0.109375,0.890625
Cereals,NA,C: Crop residues removed_vs_T: Organic mulch (herbaceus),NA,NA,biomass_management,NA,Soil Quality,25,0.56,0.44
Cereals,NA,C: Crop residues removed_vs_T: Organic mulch (unspecified),C: Inorganic Fertilizer_vs_T: Inorganic Fertilizer,C: Conventional Tillage_vs_T: Reduced Tillage,biomass_management..nutrient_management..soil_management,NA,Product Yield,14,0.07142857142857142,0.9285714285714286
Cereals,NA,C: Crop residues removed_vs_T: Organic mulch (unspecified),C: Inorganic Fertilizer_vs_T: Inorganic Fertilizer,C: Conventional Tillage_vs_T: Reduced Tillage,biomass_management..nutrient_management..soil_management,NA,Soil Quality,27,0,1
Cereals,NA,C: Crop residues removed_vs_T: Organic mulch (unspecified),C: Inorganic Fertilizer_vs_T: Inorganic Fertilizer,C: Conventional Tillage_vs_T: Zero Tillage,biomass_management..nutrient_management..soil_management,NA,Product Yield,14,0.07142857142857142,0.9285714285714286
Cereals,NA,C: Crop residues removed_vs_T: Organic mulch (unspecified),C: Inorganic Fertilizer_vs_T: Inorganic Fertilizer,C: Conventional Tillage_vs_T: Zero Tillage,biomass_management..nutrient_management..soil_management,NA,Soil Quality,27,0.18518518518518517,0.8148148148148148
Cereals,NA,C: Crop residues removed_vs_T: Organic mulch (unspecified),C: Inorganic Fertilizer_vs_T: Inorganic Fertilizer,NA,biomass_management..nutrient_management,NA,Costs,15,0.8,0.2
Cereals,NA,C: Crop residues removed_vs_T: Organic mulch (unspecified),C: Inorganic Fertilizer_vs_T: Inorganic Fertilizer,NA,biomass_management..nutrient_management,NA,Income,30,0.06666666666666667,0.9333333333333333
Cereals,NA,C: Crop residues removed_vs_T: Organic mulch (unspecified),C: Inorganic Fertilizer_vs_T: Inorganic Fertilizer,NA,biomass_management..nutrient_management,NA,Product Yield,33,0.06060606060606061,0.9393939393939394
Cereals,NA,C: Crop residues removed_vs_T: Organic mulch (unspecified),C: Inorganic Fertilizer_vs_T: Inorganic Fertilizer,NA,biomass_management..nutrient_management,NA,Soil Quality,30,1,0
Cereals,NA,C: Crop residues removed_vs_T: Organic mulch (unspecified),NA,C: Conventional Tillage_vs_T: Conventional Tillage,biomass_management..soil_management,NA,Costs,7,1,0
Cereals,NA,C: Crop residues removed_vs_T: Organic mulch (unspecified),NA,C: Conventional Tillage_vs_T: Conventional Tillage,biomass_management..soil_management,NA,Economic Performance,9,1,0
Cereals,NA,C: Crop residues removed_vs_T: Organic mulch (unspecified),NA,C: Conventional Tillage_vs_T: Conventional Tillage,biomass_management..soil_management,NA,Income,7,0.2857142857142857,0.7142857142857143
Cereals,NA,C: Crop residues removed_vs_T: Organic mulch (unspecified),NA,C: Conventional Tillage_vs_T: Conventional Tillage,biomass_management..soil_management,NA,Labour,8,1,0
Cereals,NA,C: Crop residues removed_vs_T: Organic mulch (unspecified),NA,C: Conventional Tillage_vs_T: Conventional Tillage,biomass_management..soil_management,NA,Product Yield,9,0.5555555555555556,0.4444444444444444
Cereals,NA,C: Crop residues removed_vs_T: Organic mulch (unspecified),NA,NA,biomass_management,NA,Costs,21,0.9523809523809523,0.047619047619047616
Cereals,NA,C: Crop residues removed_vs_T: Organic mulch (unspecified),NA,NA,biomass_management,NA,Economic Performance,15,1,0
Cereals,NA,C: Crop residues removed_vs_T: Organic mulch (unspecified),NA,NA,biomass_management,NA,Efficiency,48,0.25,0.75
Cereals,NA,C: Crop residues removed_vs_T: Organic mulch (unspecified),NA,NA,biomass_management,NA,Income,21,0.38095238095238093,0.6190476190476191
Cereals,NA,C: Crop residues removed_vs_T: Organic mulch (unspecified),NA,NA,biomass_management,NA,Labour,18,0.9444444444444444,0.05555555555555555
Cereals,NA,C: Crop residues removed_vs_T: Organic mulch (unspecified),NA,NA,biomass_management,NA,Product Yield,90,0.36666666666666664,0.6333333333333333
Cereals,NA,C: Crop residues removed_vs_T: Organic mulch (unspecified),NA,NA,biomass_management,NA,Soil Quality,6,0,1
Cereals,NA,C: Crop residues removed_vs_T: Organic mulch (woody/other),NA,NA,biomass_management,NA,Efficiency,16,1,0
Cereals,NA,C: Crop residues removed_vs_T: Organic mulch (woody/other),NA,NA,biomass_management,NA,Product Yield,64,0.546875,0.453125
Cereals,NA,C: Crop residues removed_vs_T: Plastic mulch,NA,NA,biomass_management,NA,Efficiency,32,0.25,0.75
Cereals,NA,C: Crop residues removed_vs_T: Plastic mulch,NA,NA,biomass_management,NA,Product Yield,16,0,1
Cereals,NA,C: Crop residues removed_vs_T: Plastic mulch,NA,NA,biomass_management,NA,Soil Quality,4,0,1
Cereals,NA,C: Crop residues removed_vs_T: Tree pruning incorporated,C: Inorganic Fertilizer_vs_T: Inorganic Fertilizer,NA,biomass_management..nutrient_management,NA,Product Yield,6,0,1
Cereals,NA,C: Crop residues removed_vs_T: Tree pruning incorporated,NA,NA,biomass_management,NA,Efficiency,32,1,0
Cereals,NA,C: Crop residues removed_vs_T: Tree pruning incorporated,NA,NA,biomass_management,NA,Product Yield,130,0.24615384615384617,0.7538461538461538
Cereals,NA,C: Crop residues removed_vs_T: Tree pruning incorporated,NA,NA,biomass_management,NA,Soil Quality,64,0.40625,0.59375
Cereals,NA,C: Crop residues retained_vs_T: Crop residues retained,C: No Fertilizers Applied_vs_T: Biochar,NA,biomass_management..nutrient_management,NA,Product Yield,4,0,1
Cereals,NA,C: Crop residues retained_vs_T: Crop residues retained,C: No Fertilizers Applied_vs_T: Biochar + Inorganic Fertilizer,NA,biomass_management..nutrient_management,NA,Product Yield,8,0,1
Cereals,NA,C: Crop residues retained_vs_T: Crop residues retained,C: No Fertilizers Applied_vs_T: Inorganic Fertilizer,NA,biomass_management..nutrient_management,NA,Product Yield,8,0,1
Cereals,NA,C: Crop residues retained_vs_T: Crop residues retained,C: No Fertilizers Applied_vs_T: Inorganic Fertilizer,NA,biomass_management..nutrient_management..water_management,C: Supplemental Irrigation_vs_T: Supplemental Irrigation,Product Yield,3,0,1
Cereals,NA,C: Crop residues retained_vs_T: Crop residues retained,C: No Fertilizers Applied_vs_T: Inorganic Fertilizer,NA,biomass_management..nutrient_management..water_management,C: Supplemental Irrigation_vs_T: Supplemental Irrigation,Soil Quality,6,0.6666666666666666,0.3333333333333333
Cereals,NA,C: Crop residues retained_vs_T: Crop residues retained,NA,C: Reduced Tillage + Conventional Tillage_vs_T: Reduced Tillage + Conventional Tillage,biomass_management..soil_management,NA,Product Yield,4,0,1
Cereals,NA,C: Crop residues retained_vs_T: Crop residues retained,NA,C: Reduced Tillage + Conventional Tillage_vs_T: Reduced Tillage + Conventional Tillage,biomass_management..soil_management,NA,Soil Quality,6,0,1
Cereals,NA,C: Organic mulch (herbaceus)_vs_T: Organic mulch (herbaceus),C: Inorganic Fertilizer_vs_T: Inorganic Fertilizer,C: Conventional Tillage_vs_T: Zero Tillage,biomass_management..nutrient_management..soil_management,NA,Non-Product Yield,6,0.5,0.5
Cereals,NA,C: Organic mulch (herbaceus)_vs_T: Organic mulch (herbaceus),C: Inorganic Fertilizer_vs_T: Inorganic Fertilizer,C: Conventional Tillage_vs_T: Zero Tillage,biomass_management..nutrient_management..soil_management,NA,Product Yield,5,0.6,0.4
Cereals,NA,C: Organic mulch (herbaceus)_vs_T: Organic mulch (herbaceus),C: No Fertilizers Applied_vs_T: Inorganic Fertilizer,NA,biomass_management..nutrient_management,NA,Product Yield,12,0,1
Cereals,NA,C: Organic mulch (unspecified)_vs_T: Organic mulch (unspecified),C: No Fertilizers Applied_vs_T: Biochar,NA,biomass_management..nutrient_management,NA,Non-Product Yield,1,0,1
Cereals,NA,C: Organic mulch (unspecified)_vs_T: Organic mulch (unspecified),C: No Fertilizers Applied_vs_T: Biochar,NA,biomass_management..nutrient_management,NA,Product Yield,1,0,1
Cereals,NA,NA,C: Inorganic Fertilizer_vs_T: Inorganic Fertilizer,C: Conventional Tillage_vs_T: Reduced Tillage,nutrient_management..soil_management,NA,Biodiversity,18,0.3333333333333333,0.6666666666666666
Cereals,NA,NA,C: Inorganic Fertilizer_vs_T: Inorganic Fertilizer,C: Conventional Tillage_vs_T: Reduced Tillage,nutrient_management..soil_management,NA,Product Yield,6,0,1
Cereals,NA,NA,C: Inorganic Fertilizer_vs_T: Inorganic Fertilizer,NA,nutrient_management,NA,Costs,19,0.631578947368421,0.3684210526315789
Cereals,NA,NA,C: Inorganic Fertilizer_vs_T: Inorganic Fertilizer,NA,nutrient_management,NA,Economic Performance,3,0,1
Cereals,NA,NA,C: Inorganic Fertilizer_vs_T: Inorganic Fertilizer,NA,nutrient_management,NA,Income,30,0.03333333333333333,0.9666666666666667
Cereals,NA,NA,C: Inorganic Fertilizer_vs_T: Inorganic Fertilizer,NA,nutrient_management,NA,Non-Product Yield,12,0.08333333333333333,0.9166666666666666
Cereals,NA,NA,C: Inorganic Fertilizer_vs_T: Inorganic Fertilizer,NA,nutrient_management,NA,Product Yield,752,0.22739361702127658,0.7726063829787234
Cereals,NA,NA,C: Inorganic Fertilizer_vs_T: Inorganic Fertilizer,NA,nutrient_management..water_management,C: Full irrigation_vs_T: Deficit Irrigation,Costs,24,0.75,0
Cereals,NA,NA,C: Inorganic Fertilizer_vs_T: Inorganic Fertilizer,NA,nutrient_management..water_management,C: Full irrigation_vs_T: Deficit Irrigation,Economic Performance,15,0.8666666666666667,0.13333333333333333
Cereals,NA,NA,C: Inorganic Fertilizer_vs_T: Inorganic Fertilizer,NA,nutrient_management..water_management,C: Full irrigation_vs_T: Deficit Irrigation,Income,42,0.6904761904761905,0.16666666666666666
Cereals,NA,NA,C: Inorganic Fertilizer_vs_T: Inorganic Fertilizer,NA,nutrient_management..water_management,C: Full irrigation_vs_T: Deficit Irrigation,Product Yield,18,0.8333333333333334,0.16666666666666666
Cereals,NA,NA,C: Inorganic Fertilizer_vs_T: Inorganic Fertilizer,NA,nutrient_management..water_management,C: Full irrigation_vs_T: Full irrigation,Costs,24,0.125,0
Cereals,NA,NA,C: Inorganic Fertilizer_vs_T: Inorganic Fertilizer,NA,nutrient_management..water_management,C: Full irrigation_vs_T: Full irrigation,Income,42,0,0.07142857142857142
Cereals,NA,NA,C: Inorganic Fertilizer_vs_T: Inorganic Fertilizer,NA,nutrient_management..water_management,C: Supplemental Irrigation_vs_T: Supplemental Irrigation,Costs,24,0.125,0
Cereals,NA,NA,C: Inorganic Fertilizer_vs_T: Inorganic Fertilizer,NA,nutrient_management..water_management,C: Supplemental Irrigation_vs_T: Supplemental Irrigation,Income,42,0,0.07142857142857142
Cereals,NA,NA,C: Inorganic Fertilizer_vs_T: Inorganic and Organic Fertilizers,NA,nutrient_management,NA,Costs,2,0,1
Cereals,NA,NA,C: Inorganic Fertilizer_vs_T: Inorganic and Organic Fertilizers,NA,nutrient_management,NA,Product Yield,13,0,1
Cereals,NA,NA,C: Inorganic Fertilizer_vs_T: Organic Fertilizer,NA,nutrient_management,NA,Product Yield,3,0,1
Cereals,NA,NA,C: No Fertilizers Applied_vs_T: Biochar,NA,nutrient_management,NA,Carbon Stocks,1,0,1
Cereals,NA,NA,C: No Fertilizers Applied_vs_T: Biochar,NA,nutrient_management,NA,Emissions,4,0.75,0.25
Cereals,NA,NA,C: No Fertilizers Applied_vs_T: Biochar,NA,nutrient_management,NA,Product Yield,40,0.55,0.45
Cereals,NA,NA,C: No Fertilizers Applied_vs_T: Biochar,NA,nutrient_management,NA,Soil Quality,63,0.1111111111111111,0.8888888888888888
Cereals,NA,NA,C: No Fertilizers Applied_vs_T: Biochar + Inorganic Fertilizer,NA,nutrient_management,NA,Carbon Stocks,1,0,1
Cereals,NA,NA,C: No Fertilizers Applied_vs_T: Biochar + Inorganic Fertilizer,NA,nutrient_management,NA,Emissions,4,0.75,0.25
Cereals,NA,NA,C: No Fertilizers Applied_vs_T: Biochar + Inorganic Fertilizer,NA,nutrient_management,NA,Product Yield,57,0.17543859649122806,0.8245614035087719
Cereals,NA,NA,C: No Fertilizers Applied_vs_T: Biochar + Inorganic Fertilizer,NA,nutrient_management,NA,Soil Quality,9,0.1111111111111111,0.8888888888888888
Cereals,NA,NA,C: No Fertilizers Applied_vs_T: Biochar + Inorganic Fertilizer + Organic Fertilizer,NA,nutrient_management,NA,Product Yield,24,0,1
Cereals,NA,NA,C: No Fertilizers Applied_vs_T: Biochar + Organic Fertilizer,NA,nutrient_management,NA,Product Yield,6,0,1
Cereals,NA,NA,C: No Fertilizers Applied_vs_T: Inorganic Fertilizer,C: Conventional Tillage_vs_T: Conventional Tillage,nutrient_management..soil_management,NA,Costs,2,0,1
Cereals,NA,NA,C: No Fertilizers Applied_vs_T: Inorganic Fertilizer,C: Conventional Tillage_vs_T: Conventional Tillage,nutrient_management..soil_management,NA,Economic Performance,1,0,1
Cereals,NA,NA,C: No Fertilizers Applied_vs_T: Inorganic Fertilizer,C: Conventional Tillage_vs_T: Conventional Tillage,nutrient_management..soil_management,NA,Income,2,0,1
Cereals,NA,NA,C: No Fertilizers Applied_vs_T: Inorganic Fertilizer,C: Conventional Tillage_vs_T: Conventional Tillage,nutrient_management..soil_management,NA,Non-Product Yield,8,0.25,0.75
Cereals,NA,NA,C: No Fertilizers Applied_vs_T: Inorganic Fertilizer,C: Conventional Tillage_vs_T: Conventional Tillage,nutrient_management..soil_management,NA,Product Yield,5,0.2,0.8
Cereals,NA,NA,C: No Fertilizers Applied_vs_T: Inorganic Fertilizer,C: Conventional Tillage_vs_T: Conventional Tillage,nutrient_management..soil_management,NA,Soil Quality,2,1,0
Cereals,NA,NA,C: No Fertilizers Applied_vs_T: Inorganic Fertilizer,C: Liming_vs_T: Liming,nutrient_management..soil_management,NA,Product Yield,9,0,1
Cereals,NA,NA,C: No Fertilizers Applied_vs_T: Inorganic Fertilizer,C: Reduced Tillage_vs_T: Reduced Tillage,nutrient_management..soil_management,NA,Costs,2,0,1
Cereals,NA,NA,C: No Fertilizers Applied_vs_T: Inorganic Fertilizer,C: Reduced Tillage_vs_T: Reduced Tillage,nutrient_management..soil_management,NA,Economic Performance,1,0,1
Cereals,NA,NA,C: No Fertilizers Applied_vs_T: Inorganic Fertilizer,C: Reduced Tillage_vs_T: Reduced Tillage,nutrient_management..soil_management,NA,Income,2,0,1
Cereals,NA,NA,C: No Fertilizers Applied_vs_T: Inorganic Fertilizer,C: Reduced Tillage_vs_T: Reduced Tillage,nutrient_management..soil_management,NA,Non-Product Yield,5,0.2,0.8
Cereals,NA,NA,C: No Fertilizers Applied_vs_T: Inorganic Fertilizer,C: Reduced Tillage_vs_T: Reduced Tillage,nutrient_management..soil_management,NA,Product Yield,3,0,1
Cereals,NA,NA,C: No Fertilizers Applied_vs_T: Inorganic Fertilizer,C: Reduced Tillage_vs_T: Reduced Tillage,nutrient_management..soil_management..water_management,C: Microcatchments_vs_T: Microcatchments,Non-Product Yield,3,0,1
Cereals,NA,NA,C: No Fertilizers Applied_vs_T: Inorganic Fertilizer,C: Reduced Tillage_vs_T: Reduced Tillage,nutrient_management..soil_management..water_management,C: Microcatchments_vs_T: Microcatchments,Product Yield,2,0,1
Cereals,NA,NA,C: No Fertilizers Applied_vs_T: Inorganic Fertilizer,C: Reduced Tillage_vs_T: Reduced Tillage,nutrient_management..soil_management..water_management,C: Microcatchments_vs_T: Microcatchments,Soil Quality,2,1,0
Cereals,NA,NA,C: No Fertilizers Applied_vs_T: Inorganic Fertilizer,NA,nutrient_management,NA,Biodiversity,162,0.6172839506172839,0.38271604938271603
Cereals,NA,NA,C: No Fertilizers Applied_vs_T: Inorganic Fertilizer,NA,nutrient_management,NA,Carbon Stocks,7,0.5714285714285714,0.42857142857142855
Cereals,NA,NA,C: No Fertilizers Applied_vs_T: Inorganic Fertilizer,NA,nutrient_management,NA,Costs,70,0.05714285714285714,0.9428571428571428
Cereals,NA,NA,C: No Fertilizers Applied_vs_T: Inorganic Fertilizer,NA,nutrient_management,NA,Economic Performance,16,0.625,0.375
Cereals,NA,NA,C: No Fertilizers Applied_vs_T: Inorganic Fertilizer,NA,nutrient_management,NA,Efficiency,52,0.019230769230769232,0.9807692307692307
Cereals,NA,NA,C: No Fertilizers Applied_vs_T: Inorganic Fertilizer,NA,nutrient_management,NA,Emissions,30,0.8,0.2
Cereals,NA,NA,C: No Fertilizers Applied_vs_T: Inorganic Fertilizer,NA,nutrient_management,NA,Gender Equity,2,1,0
Cereals,NA,NA,C: No Fertilizers Applied_vs_T: Inorganic Fertilizer,NA,nutrient_management,NA,Income,158,0.0949367088607595,0.9050632911392406
Cereals,NA,NA,C: No Fertilizers Applied_vs_T: Inorganic Fertilizer,NA,nutrient_management,NA,Labour,19,0.3684210526315789,0.631578947368421
Cereals,NA,NA,C: No Fertilizers Applied_vs_T: Inorganic Fertilizer,NA,nutrient_management,NA,Non-Product Yield,104,0.2403846153846154,0.7596153846153846
Cereals,NA,NA,C: No Fertilizers Applied_vs_T: Inorganic Fertilizer,NA,nutrient_management,NA,Product Yield,942,0.14118895966029724,0.8588110403397028
Cereals,NA,NA,C: No Fertilizers Applied_vs_T: Inorganic Fertilizer,NA,nutrient_management,NA,Soil Quality,1430,0.4552447552447552,0.5447552447552447
Cereals,NA,NA,C: No Fertilizers Applied_vs_T: Inorganic Fertilizer,NA,nutrient_management..water_management,C: Deficit Irrigation_vs_T: Full irrigation,Costs,12,0,0.5
Cereals,NA,NA,C: No Fertilizers Applied_vs_T: Inorganic Fertilizer,NA,nutrient_management..water_management,C: Deficit Irrigation_vs_T: Full irrigation,Income,24,0,0.5
Cereals,NA,NA,C: No Fertilizers Applied_vs_T: Inorganic Fertilizer,NA,nutrient_management..water_management,C: Deficit Irrigation_vs_T: Full irrigation,Product Yield,12,0,0.5
Cereals,NA,NA,C: No Fertilizers Applied_vs_T: Inorganic Fertilizer,NA,nutrient_management..water_management,C: Full irrigation_vs_T: Deficit Irrigation,Costs,12,0.25,0.25
Cereals,NA,NA,C: No Fertilizers Applied_vs_T: Inorganic Fertilizer,NA,nutrient_management..water_management,C: Full irrigation_vs_T: Deficit Irrigation,Income,24,0,0.5
Cereals,NA,NA,C: No Fertilizers Applied_vs_T: Inorganic Fertilizer,NA,nutrient_management..water_management,C: Full irrigation_vs_T: Deficit Irrigation,Product Yield,12,0,0.5
Cereals,NA,NA,C: No Fertilizers Applied_vs_T: Inorganic Fertilizer,NA,nutrient_management..water_management,C: Full irrigation_vs_T: Full irrigation,Efficiency,4,0,0.5
Cereals,NA,NA,C: No Fertilizers Applied_vs_T: Inorganic Fertilizer,NA,nutrient_management..water_management,C: Full irrigation_vs_T: Supplemental Irrigation,Efficiency,4,0.5,0
Cereals,NA,NA,C: No Fertilizers Applied_vs_T: Inorganic Fertilizer,NA,nutrient_management..water_management,C: Rainfed agriculture_vs_T: Rainfed agriculture,Soil Quality,6,1,0
Cereals,NA,NA,C: No Fertilizers Applied_vs_T: Inorganic and Organic Fertilizers,C: Conventional Tillage_vs_T: Conventional Tillage,nutrient_management..soil_management,NA,Costs,2,0,1
Cereals,NA,NA,C: No Fertilizers Applied_vs_T: Inorganic and Organic Fertilizers,C: Conventional Tillage_vs_T: Conventional Tillage,nutrient_management..soil_management,NA,Economic Performance,1,0,1
Cereals,NA,NA,C: No Fertilizers Applied_vs_T: Inorganic and Organic Fertilizers,C: Conventional Tillage_vs_T: Conventional Tillage,nutrient_management..soil_management,NA,Income,2,0,1
Cereals,NA,NA,C: No Fertilizers Applied_vs_T: Inorganic and Organic Fertilizers,C: Conventional Tillage_vs_T: Conventional Tillage,nutrient_management..soil_management,NA,Non-Product Yield,8,0.25,0.75
Cereals,NA,NA,C: No Fertilizers Applied_vs_T: Inorganic and Organic Fertilizers,C: Conventional Tillage_vs_T: Conventional Tillage,nutrient_management..soil_management,NA,Product Yield,5,0,1
Cereals,NA,NA,C: No Fertilizers Applied_vs_T: Inorganic and Organic Fertilizers,C: Conventional Tillage_vs_T: Conventional Tillage,nutrient_management..soil_management,NA,Soil Quality,2,0.5,0.5
Cereals,NA,NA,C: No Fertilizers Applied_vs_T: Inorganic and Organic Fertilizers,C: Reduced Tillage_vs_T: Reduced Tillage,nutrient_management..soil_management,NA,Costs,2,0,1
Cereals,NA,NA,C: No Fertilizers Applied_vs_T: Inorganic and Organic Fertilizers,C: Reduced Tillage_vs_T: Reduced Tillage,nutrient_management..soil_management,NA,Economic Performance,1,0,1
Cereals,NA,NA,C: No Fertilizers Applied_vs_T: Inorganic and Organic Fertilizers,C: Reduced Tillage_vs_T: Reduced Tillage,nutrient_management..soil_management,NA,Income,2,0,1
Cereals,NA,NA,C: No Fertilizers Applied_vs_T: Inorganic and Organic Fertilizers,C: Reduced Tillage_vs_T: Reduced Tillage,nutrient_management..soil_management,NA,Non-Product Yield,5,0.2,0.8
Cereals,NA,NA,C: No Fertilizers Applied_vs_T: Inorganic and Organic Fertilizers,C: Reduced Tillage_vs_T: Reduced Tillage,nutrient_management..soil_management,NA,Product Yield,3,0,1
Cereals,NA,NA,C: No Fertilizers Applied_vs_T: Inorganic and Organic Fertilizers,C: Reduced Tillage_vs_T: Reduced Tillage,nutrient_management..soil_management..water_management,C: Microcatchments_vs_T: Microcatchments,Non-Product Yield,3,0,1
Cereals,NA,NA,C: No Fertilizers Applied_vs_T: Inorganic and Organic Fertilizers,C: Reduced Tillage_vs_T: Reduced Tillage,nutrient_management..soil_management..water_management,C: Microcatchments_vs_T: Microcatchments,Product Yield,2,0,1
Cereals,NA,NA,C: No Fertilizers Applied_vs_T: Inorganic and Organic Fertilizers,C: Reduced Tillage_vs_T: Reduced Tillage,nutrient_management..soil_management..water_management,C: Microcatchments_vs_T: Microcatchments,Soil Quality,2,0.5,0.5
Cereals,NA,NA,C: No Fertilizers Applied_vs_T: Inorganic and Organic Fertilizers,NA,nutrient_management,NA,Costs,14,0,1
Cereals,NA,NA,C: No Fertilizers Applied_vs_T: Inorganic and Organic Fertilizers,NA,nutrient_management,NA,Efficiency,4,0,1
Cereals,NA,NA,C: No Fertilizers Applied_vs_T: Inorganic and Organic Fertilizers,NA,nutrient_management,NA,Emissions,8,0.875,0.125
Cereals,NA,NA,C: No Fertilizers Applied_vs_T: Inorganic and Organic Fertilizers,NA,nutrient_management,NA,Income,28,0,1
Cereals,NA,NA,C: No Fertilizers Applied_vs_T: Inorganic and Organic Fertilizers,NA,nutrient_management,NA,Non-Product Yield,11,0,1
Cereals,NA,NA,C: No Fertilizers Applied_vs_T: Inorganic and Organic Fertilizers,NA,nutrient_management,NA,Product Yield,107,0.1308411214953271,0.8691588785046729
Cereals,NA,NA,C: No Fertilizers Applied_vs_T: Inorganic and Organic Fertilizers,NA,nutrient_management,NA,Soil Quality,857,0.45274212368728123,0.5472578763127188
Cereals,NA,NA,C: No Fertilizers Applied_vs_T: Organic Fertilizer,C: Conventional Tillage_vs_T: Conventional Tillage,nutrient_management..soil_management,NA,Costs,2,0,1
Cereals,NA,NA,C: No Fertilizers Applied_vs_T: Organic Fertilizer,C: Conventional Tillage_vs_T: Conventional Tillage,nutrient_management..soil_management,NA,Economic Performance,1,0,1
Cereals,NA,NA,C: No Fertilizers Applied_vs_T: Organic Fertilizer,C: Conventional Tillage_vs_T: Conventional Tillage,nutrient_management..soil_management,NA,Income,2,0,1
Cereals,NA,NA,C: No Fertilizers Applied_vs_T: Organic Fertilizer,C: Conventional Tillage_vs_T: Conventional Tillage,nutrient_management..soil_management,NA,Non-Product Yield,8,0.125,0.875
Cereals,NA,NA,C: No Fertilizers Applied_vs_T: Organic Fertilizer,C: Conventional Tillage_vs_T: Conventional Tillage,nutrient_management..soil_management,NA,Product Yield,5,0,1
Cereals,NA,NA,C: No Fertilizers Applied_vs_T: Organic Fertilizer,C: Conventional Tillage_vs_T: Conventional Tillage,nutrient_management..soil_management,NA,Soil Quality,2,0.5,0.5
Cereals,NA,NA,C: No Fertilizers Applied_vs_T: Organic Fertilizer,C: Reduced Tillage_vs_T: Reduced Tillage,nutrient_management..soil_management..water_management,C: Microcatchments_vs_T: Microcatchments,Non-Product Yield,3,0,1
Cereals,NA,NA,C: No Fertilizers Applied_vs_T: Organic Fertilizer,C: Reduced Tillage_vs_T: Reduced Tillage,nutrient_management..soil_management..water_management,C: Microcatchments_vs_T: Microcatchments,Product Yield,2,0,1
Cereals,NA,NA,C: No Fertilizers Applied_vs_T: Organic Fertilizer,C: Reduced Tillage_vs_T: Reduced Tillage,nutrient_management..soil_management..water_management,C: Microcatchments_vs_T: Microcatchments,Soil Quality,2,0.5,0.5
Cereals,NA,NA,C: No Fertilizers Applied_vs_T: Organic Fertilizer,NA,nutrient_management,NA,Biodiversity,972,0.4022633744855967,0.5977366255144033
Cereals,NA,NA,C: No Fertilizers Applied_vs_T: Organic Fertilizer,NA,nutrient_management,NA,Carbon Stocks,2,0.5,0.5
Cereals,NA,NA,C: No Fertilizers Applied_vs_T: Organic Fertilizer,NA,nutrient_management,NA,Costs,9,0,1
Cereals,NA,NA,C: No Fertilizers Applied_vs_T: Organic Fertilizer,NA,nutrient_management,NA,Economic Performance,2,1,0
Cereals,NA,NA,C: No Fertilizers Applied_vs_T: Organic Fertilizer,NA,nutrient_management,NA,Emissions,2,1,0
Cereals,NA,NA,C: No Fertilizers Applied_vs_T: Organic Fertilizer,NA,nutrient_management,NA,Income,24,0.041666666666666664,0.9583333333333334
Cereals,NA,NA,C: No Fertilizers Applied_vs_T: Organic Fertilizer,NA,nutrient_management,NA,Labour,2,1,0
Cereals,NA,NA,C: No Fertilizers Applied_vs_T: Organic Fertilizer,NA,nutrient_management,NA,Non-Product Yield,39,0.07692307692307693,0.9230769230769231
Cereals,NA,NA,C: No Fertilizers Applied_vs_T: Organic Fertilizer,NA,nutrient_management,NA,Product Yield,166,0.1686746987951807,0.8313253012048193
Cereals,NA,NA,C: No Fertilizers Applied_vs_T: Organic Fertilizer,NA,nutrient_management,NA,Soil Quality,77,0.07792207792207792,0.922077922077922
Cereals,NA,NA,C: No Fertilizers Applied_vs_T: Organic Fertilizer + Inorganic Fertilizer,NA,nutrient_management,NA,Costs,13,0,1
Cereals,NA,NA,C: No Fertilizers Applied_vs_T: Organic Fertilizer + Inorganic Fertilizer,NA,nutrient_management,NA,Income,26,0,1
Cereals,NA,NA,C: No Fertilizers Applied_vs_T: Organic Fertilizer + Inorganic Fertilizer,NA,nutrient_management,NA,Non-Product Yield,4,0,1
Cereals,NA,NA,C: No Fertilizers Applied_vs_T: Organic Fertilizer + Inorganic Fertilizer,NA,nutrient_management,NA,Product Yield,57,0,1
Cereals,NA,NA,C: No Fertilizers Applied_vs_T: Organic Fertilizer + Inorganic Fertilizer,NA,nutrient_management,NA,Soil Quality,46,0.06521739130434782,0.9347826086956522
Cereals,NA,NA,C: No Fertilizers Applied_vs_T: Unspecified,NA,nutrient_management,NA,Labour,3,0,1
Cereals,NA,NA,NA,C: Conventional Tillage_vs_T: Conventional Tillage,soil_management,NA,Biodiversity,16,0.4375,0.5625
Cereals,NA,NA,NA,C: Conventional Tillage_vs_T: Conventional Tillage,soil_management,NA,Costs,4,0,1
Cereals,NA,NA,NA,C: Conventional Tillage_vs_T: Conventional Tillage,soil_management,NA,Economic Performance,2,0,1
Cereals,NA,NA,NA,C: Conventional Tillage_vs_T: Conventional Tillage,soil_management,NA,Income,4,0,1
Cereals,NA,NA,NA,C: Conventional Tillage_vs_T: Conventional Tillage,soil_management,NA,Non-Product Yield,10,0.2,0.8
Cereals,NA,NA,NA,C: Conventional Tillage_vs_T: Conventional Tillage,soil_management,NA,Product Yield,6,0,1
Cereals,NA,NA,NA,C: Conventional Tillage_vs_T: Conventional Tillage,soil_management..water_management,C: Contour bunding_vs_T: Contour bunding,Efficiency,10,0.5,0.5
Cereals,NA,NA,NA,C: Conventional Tillage_vs_T: Conventional Tillage,soil_management..water_management,C: Contour bunding_vs_T: Contour bunding,Product Yield,12,0.3333333333333333,0.6666666666666666
Cereals,NA,NA,NA,C: Conventional Tillage_vs_T: Reduced Tillage,soil_management,NA,Costs,13,0.6923076923076923,0.3076923076923077
Cereals,NA,NA,NA,C: Conventional Tillage_vs_T: Reduced Tillage,soil_management,NA,Economic Performance,5,0,1
Cereals,NA,NA,NA,C: Conventional Tillage_vs_T: Reduced Tillage,soil_management,NA,Efficiency,10,0.3,0.7
Cereals,NA,NA,NA,C: Conventional Tillage_vs_T: Reduced Tillage,soil_management,NA,Income,17,0,1
Cereals,NA,NA,NA,C: Conventional Tillage_vs_T: Reduced Tillage,soil_management,NA,Labour,3,1,0
Cereals,NA,NA,NA,C: Conventional Tillage_vs_T: Reduced Tillage,soil_management,NA,Non-Product Yield,34,0.14705882352941177,0.8529411764705882
Cereals,NA,NA,NA,C: Conventional Tillage_vs_T: Reduced Tillage,soil_management,NA,Product Yield,53,0.18867924528301888,0.8113207547169812
Cereals,NA,NA,NA,C: Conventional Tillage_vs_T: Reduced Tillage,soil_management,NA,Soil Quality,1202,0.2146422628951747,0.7853577371048253
Cereals,NA,NA,NA,C: Conventional Tillage_vs_T: Zero Tillage,soil_management,NA,Product Yield,8,0.125,0.875
Cereals,NA,NA,NA,C: Conventional Tillage_vs_T: Zero Tillage,soil_management,NA,Soil Quality,4,0.5,0.5
Cereals,NA,NA,NA,C: No liming_vs_T: Liming,soil_management,NA,Costs,9,0,1
Cereals,NA,NA,NA,C: No liming_vs_T: Liming,soil_management,NA,Income,19,0.21052631578947367,0.7894736842105263
Cereals,NA,NA,NA,C: No liming_vs_T: Liming,soil_management,NA,Non-Product Yield,2,0,1
Cereals,NA,NA,NA,C: No liming_vs_T: Liming,soil_management,NA,Product Yield,22,0,1
Cereals,NA,NA,NA,C: No liming_vs_T: Liming,soil_management,NA,Soil Quality,27,0.3333333333333333,0.6666666666666666
Cereals,NA,NA,NA,C: Reduced Tillage + Conventional Tillage_vs_T: Reduced Tillage + Conventional Tillage,soil_management,NA,Product Yield,6,0,1
Cereals,NA,NA,NA,C: Reduced Tillage + Conventional Tillage_vs_T: Reduced Tillage + Conventional Tillage,soil_management,NA,Soil Quality,9,0,1
Cereals,NA,NA,NA,C: Reduced Tillage_vs_T: Conventional Tillage,soil_management,NA,Costs,10,0,1
Cereals,NA,NA,NA,C: Reduced Tillage_vs_T: Conventional Tillage,soil_management,NA,Economic Performance,5,0.6,0.4
Cereals,NA,NA,NA,C: Reduced Tillage_vs_T: Conventional Tillage,soil_management,NA,Income,10,0.1,0.9
Cereals,NA,NA,NA,C: Reduced Tillage_vs_T: Conventional Tillage,soil_management,NA,Non-Product Yield,34,0.35294117647058826,0.6470588235294118
Cereals,NA,NA,NA,C: Reduced Tillage_vs_T: Conventional Tillage,soil_management,NA,Product Yield,21,0.23809523809523808,0.7619047619047619
Cereals,NA,NA,NA,C: Reduced Tillage_vs_T: Conventional Tillage,soil_management,NA,Soil Quality,6,0.8333333333333334,0.16666666666666666
Cereals,NA,NA,NA,C: Reduced Tillage_vs_T: Reduced Tillage,soil_management,NA,Costs,6,0,1
Cereals,NA,NA,NA,C: Reduced Tillage_vs_T: Reduced Tillage,soil_management,NA,Economic Performance,3,0.6666666666666666,0.3333333333333333
Cereals,NA,NA,NA,C: Reduced Tillage_vs_T: Reduced Tillage,soil_management,NA,Income,6,0.16666666666666666,0.8333333333333334
Cereals,NA,NA,NA,C: Reduced Tillage_vs_T: Reduced Tillage,soil_management,NA,Non-Product Yield,15,0.2,0.8
Cereals,NA,NA,NA,C: Reduced Tillage_vs_T: Reduced Tillage,soil_management,NA,Product Yield,21,0.2857142857142857,0.7142857142857143
Cereals,NA,NA,NA,C: Zero Tillage_vs_T: Conventional Tillage,soil_management,NA,Costs,4,1,0
Cereals,NA,NA,NA,C: Zero Tillage_vs_T: Conventional Tillage,soil_management,NA,Efficiency,10,0.5,0.5
Cereals,NA,NA,NA,C: Zero Tillage_vs_T: Conventional Tillage,soil_management,NA,Income,4,0,1
Cereals,NA,NA,NA,C: Zero Tillage_vs_T: Conventional Tillage,soil_management,NA,Product Yield,14,0.14285714285714285,0.8571428571428571
Cereals,NA,NA,NA,C: Zero Tillage_vs_T: Conventional Tillage,soil_management,NA,Soil Quality,890,0.44719101123595506,0.5528089887640449
Cereals,NA,NA,NA,NA,water_management,C: Contour bunding_vs_T: Contour bunding,Product Yield,298,0.14093959731543623,0.28859060402684567
Cereals,NA,NA,NA,NA,water_management,C: Deficit Irrigation_vs_T: Deficit Irrigation,Efficiency,24,0.3333333333333333,0.16666666666666666
Cereals,NA,NA,NA,NA,water_management,C: Deficit Irrigation_vs_T: Deficit Irrigation,Product Yield,298,0.07046979865771812,0.010067114093959731
Cereals,NA,NA,NA,NA,water_management,C: Full irrigation_vs_T: Deficit Irrigation,Costs,2,1,0
Cereals,NA,NA,NA,NA,water_management,C: Full irrigation_vs_T: Deficit Irrigation,Efficiency,24,0.16666666666666666,0.2916666666666667
Cereals,NA,NA,NA,NA,water_management,C: Full irrigation_vs_T: Deficit Irrigation,Income,4,0.5,0.5
Cereals,NA,NA,NA,NA,water_management,C: Full irrigation_vs_T: Deficit Irrigation,Product Yield,298,0.29194630872483224,0.14429530201342283
Cereals,NA,NA,NA,NA,water_management,C: Full irrigation_vs_T: Full irrigation,Product Yield,298,0,0.020134228187919462
Cereals,NA,NA,NA,NA,water_management,C: Full irrigation_vs_T: Full irrigation,Soil Quality,605,0.09090909090909091,0.10909090909090909
Cereals,NA,NA,NA,NA,water_management,C: Full irrigation_vs_T: Supplemental Irrigation,Efficiency,24,0.041666666666666664,0
Cereals,NA,NA,NA,NA,water_management,C: Full irrigation_vs_T: Supplemental Irrigation,Product Yield,298,0.013422818791946308,0.020134228187919462
Cereals,NA,NA,NA,NA,water_management,C: Full irrigation_vs_T: Supplemental Irrigation,Soil Quality,605,0.4396694214876033,0.3603305785123967
Cereals..Fibre crops,C: Crop rotation_vs_T: Crop rotation,C: Crop residues removed_vs_T: Crop residues retained,C: Inorganic Fertilizer_vs_T: Inorganic Fertilizer,C: Conventional Tillage_vs_T: Zero Tillage,biomass_management..diversification_temporal..nutrient_management..soil_management,NA,Product Yield,28,0.03571428571428571,0.9642857142857143
Cereals..Fibre crops,C: Crop rotation_vs_T: Crop rotation,NA,C: Inorganic Fertilizer_vs_T: Inorganic Fertilizer,C: Conventional Tillage_vs_T: Reduced Tillage,diversification_temporal..nutrient_management..soil_management,NA,Product Yield,6,0,1
Cereals..Leguminous crops,C: Crop rotation_vs_T: Crop rotation,C: Crop residues removed_vs_T: Crop residues removed,C: No Fertilizers Applied_vs_T: Inorganic Fertilizer,NA,biomass_management..diversification_temporal..nutrient_management,NA,Income,11,0.36363636363636365,0.6363636363636364
Cereals..Leguminous crops,C: Crop rotation_vs_T: Crop rotation,C: Crop residues removed_vs_T: Crop residues removed,C: No Fertilizers Applied_vs_T: Inorganic Fertilizer,NA,biomass_management..diversification_temporal..nutrient_management,NA,Non-Product Yield,10,0,1
Cereals..Leguminous crops,C: Crop rotation_vs_T: Crop rotation,C: Crop residues removed_vs_T: Crop residues removed,C: No Fertilizers Applied_vs_T: Inorganic Fertilizer,NA,biomass_management..diversification_temporal..nutrient_management,NA,Product Yield,14,0,1
Cereals..Leguminous crops,C: Crop rotation_vs_T: Crop rotation,C: Crop residues removed_vs_T: Crop residues removed,C: No Fertilizers Applied_vs_T: Inorganic and Organic Fertilizers,NA,biomass_management..diversification_temporal..nutrient_management,NA,Product Yield,2,0,1
Cereals..Leguminous crops,C: Crop rotation_vs_T: Crop rotation,C: Crop residues removed_vs_T: Crop residues removed,C: No Fertilizers Applied_vs_T: Organic Fertilizer,NA,biomass_management..diversification_temporal..nutrient_management,NA,Product Yield,2,0,1
Cereals..Leguminous crops,C: Crop rotation_vs_T: Crop rotation,C: Crop residues removed_vs_T: Crop residues retained,NA,NA,biomass_management..diversification_temporal,NA,Product Yield,8,0.125,0.875
Cereals..Leguminous crops,C: Crop rotation_vs_T: Crop rotation,C: Crop residues removed_vs_T: Organic mulch (herbaceus),NA,C: Conventional Tillage_vs_T: Reduced Tillage,biomass_management..diversification_temporal..soil_management,NA,Product Yield,4,0,1
Cereals..Leguminous crops,C: Crop rotation_vs_T: Crop rotation,C: Crop residues removed_vs_T: Organic mulch (herbaceus),NA,C: Conventional Tillage_vs_T: Reduced Tillage,biomass_management..diversification_temporal..soil_management,NA,Soil Quality,2,0,1
Cereals..Leguminous crops,C: Crop rotation_vs_T: Crop rotation,C: Crop residues retained_vs_T: Crop residues removed,C: Inorganic Fertilizer_vs_T: Inorganic Fertilizer,C: Zero Tillage_vs_T: Conventional Tillage,biomass_management..diversification_temporal..nutrient_management..soil_management,NA,Product Yield,6,1,0
Cereals..Leguminous crops,C: Crop rotation_vs_T: Crop rotation,NA,NA,C: Reduced Tillage_vs_T: Conventional Tillage,diversification_temporal..soil_management,NA,Costs,3,0.3333333333333333,0.6666666666666666
Cereals..Leguminous crops,C: Crop rotation_vs_T: Crop rotation,NA,NA,C: Reduced Tillage_vs_T: Conventional Tillage,diversification_temporal..soil_management,NA,Income,3,0.6666666666666666,0.3333333333333333
Cereals..Leguminous crops,C: Crop rotation_vs_T: Crop rotation,NA,NA,C: Reduced Tillage_vs_T: Conventional Tillage,diversification_temporal..soil_management,NA,Product Yield,12,0.6666666666666666,0.3333333333333333
Cereals..Leguminous crops,C: Crop rotation_vs_T: Crop rotation,NA,NA,C: Reduced Tillage_vs_T: Reduced Tillage,diversification_temporal..soil_management,NA,Costs,3,1,0
Cereals..Leguminous crops,C: Crop rotation_vs_T: Crop rotation,NA,NA,C: Reduced Tillage_vs_T: Reduced Tillage,diversification_temporal..soil_management,NA,Income,3,0.6666666666666666,0.3333333333333333
Cereals..Leguminous crops,C: Crop rotation_vs_T: Crop rotation,NA,NA,C: Reduced Tillage_vs_T: Reduced Tillage,diversification_temporal..soil_management,NA,Product Yield,12,0.5,0.5
Cereals..Leguminous crops,C: Crop rotation_vs_T: Crop rotation,NA,NA,NA,diversification_temporal,NA,Costs,3,0,1
Cereals..Leguminous crops,C: Crop rotation_vs_T: Crop rotation,NA,NA,NA,diversification_temporal,NA,Income,3,0.6666666666666666,0.3333333333333333
Cereals..Leguminous crops,C: Crop rotation_vs_T: Crop rotation,NA,NA,NA,diversification_temporal,NA,Product Yield,12,0.6666666666666666,0.3333333333333333
Cereals..Leguminous crops,C: Intercropping_vs_T: Intercropping,C: Crop residues removed_vs_T: Organic mulch (herbaceus),C: Inorganic Fertilizer_vs_T: Inorganic Fertilizer,C: Conventional Tillage_vs_T: Zero Tillage,biomass_management..diversification_spatial..nutrient_management..soil_management,NA,Product Yield,216,0.6712962962962963,0.3287037037037037
Cereals..Leguminous crops,C: Intercropping_vs_T: Intercropping,C: Organic mulch (herbaceus)_vs_T: Crop residues removed,NA,NA,biomass_management..diversification_spatial..water_management,C: Supplemental Irrigation_vs_T: Supplemental Irrigation,Efficiency,1,1,0
Cereals..Leguminous crops,C: Intercropping_vs_T: Intercropping,C: Organic mulch (herbaceus)_vs_T: Crop residues removed,NA,NA,biomass_management..diversification_spatial..water_management,C: Supplemental Irrigation_vs_T: Supplemental Irrigation,Product Yield,1,1,0
Cereals..Leguminous crops,C: Intercropping_vs_T: Intercropping,NA,C: Inorganic Fertilizer_vs_T: Inorganic Fertilizer,NA,diversification_spatial..nutrient_management,NA,Product Yield,29,0.8275862068965517,0.1724137931034483
Cereals..Leguminous crops,C: Intercropping_vs_T: Intercropping,NA,C: No Fertilizers Applied_vs_T: Inorganic Fertilizer,NA,diversification_spatial..nutrient_management,NA,Product Yield,20,0,1
Cereals..Leguminous crops,C: Monoculture_vs_T: Agroforestry; C: Crop rotation_vs_T: Crop rotation,C: Crop residues removed_vs_T: Crop residues removed,NA,NA,biomass_management..diversification_spatial..diversification_temporal,NA,Income,11,0.18181818181818182,0.8181818181818182
Cereals..Leguminous crops,C: Monoculture_vs_T: Agroforestry; C: Crop rotation_vs_T: Crop rotation,C: Crop residues removed_vs_T: Crop residues removed,NA,NA,biomass_management..diversification_spatial..diversification_temporal,NA,Non-Product Yield,10,0.9,0.1
Cereals..Leguminous crops,C: Monoculture_vs_T: Agroforestry; C: Crop rotation_vs_T: Crop rotation,C: Crop residues removed_vs_T: Crop residues removed,NA,NA,biomass_management..diversification_spatial..diversification_temporal,NA,Product Yield,12,0.75,0.25
Cereals..Leguminous crops,C: Monoculture_vs_T: Agroforestry; C: Crop rotation_vs_T: Crop rotation,C: Crop residues removed_vs_T: Tree pruning incorporated,NA,NA,biomass_management..diversification_spatial..diversification_temporal,NA,Income,11,0.8181818181818182,0.18181818181818182
Cereals..Leguminous crops,C: Monoculture_vs_T: Agroforestry; C: Crop rotation_vs_T: Crop rotation,C: Crop residues removed_vs_T: Tree pruning incorporated,NA,NA,biomass_management..diversification_spatial..diversification_temporal,NA,Non-Product Yield,10,0.7,0.3
Cereals..Leguminous crops,C: Monoculture_vs_T: Agroforestry; C: Crop rotation_vs_T: Crop rotation,C: Crop residues removed_vs_T: Tree pruning incorporated,NA,NA,biomass_management..diversification_spatial..diversification_temporal,NA,Product Yield,12,0.6666666666666666,0.3333333333333333
Cereals..Leguminous crops,NA,C: Crop residues incorporated_vs_T: Crop residues incorporated,NA,NA,biomass_management,NA,Product Yield,16,0.5625,0.4375
Cereals..Leguminous crops,NA,C: Crop residues removed_vs_T: Crop residues incorporated,NA,NA,biomass_management,NA,Product Yield,5,0.4,0.6
Cereals..Leguminous crops,NA,C: Crop residues removed_vs_T: Crop residues removed,C: Inorganic Fertilizer_vs_T: Inorganic Fertilizer,NA,biomass_management..nutrient_management,NA,Product Yield,12,0.3333333333333333,0.6666666666666666
Cereals..Leguminous crops,NA,C: Crop residues removed_vs_T: Crop residues removed,NA,NA,biomass_management,NA,Efficiency,4,0,1
Cereals..Leguminous crops,NA,C: Crop residues removed_vs_T: Crop residues removed,NA,NA,biomass_management,NA,Product Yield,28,0.2857142857142857,0.7142857142857143
Cereals..Leguminous crops,NA,C: Crop residues removed_vs_T: Crop residues retained,NA,NA,biomass_management,NA,Product Yield,30,0.03333333333333333,0.9666666666666667
Cereals..Leguminous crops,NA,C: Crop residues removed_vs_T: Organic mulch (herbaceus),NA,NA,biomass_management,NA,Product Yield,5,1,0
Cereals..Leguminous crops,NA,C: Crop residues removed_vs_T: Organic mulch (unspecified),C: Inorganic Fertilizer_vs_T: Inorganic Fertilizer,NA,biomass_management..nutrient_management,NA,Product Yield,16,0,1
Cereals..Leguminous crops,NA,C: Crop residues removed_vs_T: Organic mulch (unspecified),NA,NA,biomass_management,NA,Efficiency,2,0,1
Cereals..Leguminous crops,NA,C: Crop residues removed_vs_T: Organic mulch (unspecified),NA,NA,biomass_management,NA,Product Yield,4,0,1
Cereals..Leguminous crops,NA,C: Crop residues retained_vs_T: Crop residues retained,NA,NA,biomass_management,NA,Carbon Stocks,1,0,1
Cereals..Leguminous crops,NA,C: Crop residues retained_vs_T: Crop residues retained,NA,NA,biomass_management,NA,Soil Quality,1,0,1
Cereals..Leguminous crops,NA,NA,C: No Fertilizers Applied_vs_T: Inorganic Fertilizer,NA,nutrient_management,NA,Product Yield,85,0.023529411764705882,0.9764705882352941
Cereals..Leguminous crops,NA,NA,C: No Fertilizers Applied_vs_T: Organic Fertilizer,NA,nutrient_management,NA,Product Yield,4,0,1
Cereals..Leguminous crops,NA,NA,C: No Fertilizers Applied_vs_T: Organic Fertilizer + Inorganic Fertilizer,NA,nutrient_management,NA,Product Yield,4,0,1
Cereals..Leguminous crops..Oilseed crops and oleaginous fruits,NA,NA,C: No Fertilizers Applied_vs_T: Inorganic Fertilizer,NA,nutrient_management,NA,Product Yield,14,0,1
Cereals..N Fix Tree,C: Agroforestry_vs_T: Agroforestry,NA,C: No Fertilizers Applied_vs_T: Inorganic Fertilizer,NA,diversification_spatial..nutrient_management,NA,Product Yield,27,0.2222222222222222,0.7777777777777778
Cereals..Oilseed crops and oleaginous fruits,C: Crop rotation_vs_T: Crop rotation,C: Crop residues removed_vs_T: Crop residues removed,C: No Fertilizers Applied_vs_T: Biochar,NA,biomass_management..diversification_temporal..nutrient_management,NA,Product Yield,50,0.1,0.9
Cereals..Oilseed crops and oleaginous fruits,C: Crop rotation_vs_T: Crop rotation,C: Crop residues removed_vs_T: Crop residues removed,C: No Fertilizers Applied_vs_T: Biochar + Inorganic Fertilizer,NA,biomass_management..diversification_temporal..nutrient_management,NA,Product Yield,50,0,1
Cereals..Oilseed crops and oleaginous fruits,C: Crop rotation_vs_T: Crop rotation,C: Crop residues removed_vs_T: Crop residues removed,C: No Fertilizers Applied_vs_T: Inorganic Fertilizer,NA,biomass_management..diversification_temporal..nutrient_management,NA,Product Yield,50,0.04,0.96
Cereals..Oilseed crops and oleaginous fruits,C: Crop rotation_vs_T: Crop rotation,NA,C: Inorganic Fertilizer_vs_T: Inorganic Fertilizer,C: Liming_vs_T: Liming,diversification_temporal..nutrient_management..soil_management,NA,Product Yield,135,0.6666666666666666,0.3333333333333333
Cereals..Oilseed crops and oleaginous fruits,C: Crop rotation_vs_T: Crop rotation,NA,C: Inorganic Fertilizer_vs_T: Inorganic Fertilizer,NA,diversification_temporal..nutrient_management,NA,Product Yield,108,0.46296296296296297,0.5370370370370371
Cereals..Oilseed crops and oleaginous fruits,NA,C: Crop residues removed_vs_T: Crop residues removed,C: Organic Fertilizer_vs_T: Organic Fertilizer,NA,biomass_management..nutrient_management,NA,Income,6,0,1
Cereals..Oilseed crops and oleaginous fruits,NA,C: Crop residues removed_vs_T: Crop residues removed,C: Organic Fertilizer_vs_T: Organic Fertilizer,NA,biomass_management..nutrient_management,NA,Labour,6,0,1
Cereals..Oilseed crops and oleaginous fruits,NA,C: Crop residues removed_vs_T: Crop residues removed,NA,NA,biomass_management,NA,Product Yield,20,0.2,0.8
Cereals..Oilseed crops and oleaginous fruits,NA,C: Crop residues removed_vs_T: Crop residues retained,NA,NA,biomass_management,NA,Product Yield,4,1,0
Cereals..Oilseed crops and oleaginous fruits,NA,C: Crop residues retained_vs_T: Crop residues removed,NA,NA,biomass_management,NA,Product Yield,4,1,0
Cereals..Oilseed crops and oleaginous fruits,NA,C: Crop residues retained_vs_T: Crop residues retained,NA,NA,biomass_management,NA,Product Yield,4,1,0
Cereals..Oilseed crops and oleaginous fruits,NA,NA,C: Inorganic Fertilizer_vs_T: Inorganic Fertilizer,NA,nutrient_management,NA,Costs,3,1,0
Cereals..Oilseed crops and oleaginous fruits,NA,NA,C: Inorganic Fertilizer_vs_T: Inorganic Fertilizer,NA,nutrient_management,NA,Economic Performance,3,0.6666666666666666,0.3333333333333333
Cereals..Oilseed crops and oleaginous fruits,NA,NA,C: Inorganic Fertilizer_vs_T: Inorganic Fertilizer,NA,nutrient_management,NA,Income,6,0.6666666666666666,0.3333333333333333
Cereals..Oilseed crops and oleaginous fruits,NA,NA,C: Inorganic Fertilizer_vs_T: Inorganic Fertilizer,NA,nutrient_management,NA,Product Yield,3,0.6666666666666666,0.3333333333333333
Cereals..Oilseed crops and oleaginous fruits,NA,NA,C: No Fertilizers Applied_vs_T: Inorganic Fertilizer,NA,nutrient_management,NA,Costs,2,0,1
Cereals..Oilseed crops and oleaginous fruits,NA,NA,C: No Fertilizers Applied_vs_T: Inorganic Fertilizer,NA,nutrient_management,NA,Income,4,0,1
Cereals..Oilseed crops and oleaginous fruits,NA,NA,C: No Fertilizers Applied_vs_T: Inorganic Fertilizer,NA,nutrient_management,NA,Product Yield,137,0.145985401459854,0.8540145985401459
Cereals..Oilseed crops and oleaginous fruits,NA,NA,C: No Fertilizers Applied_vs_T: Inorganic and Organic Fertilizers,NA,nutrient_management,NA,Product Yield,72,0,1
Cereals..Oilseed crops and oleaginous fruits,NA,NA,C: No Fertilizers Applied_vs_T: Inorganic and Organic Fertilizers,NA,nutrient_management,NA,Soil Quality,144,0.4930555555555556,0.5069444444444444
Cereals..Root tuber crops with high starch or inulin content,C: Crop rotation_vs_T: Crop rotation,C: Crop residues incorporated_vs_T: Crop residues incorporated,C: No Fertilizers Applied_vs_T: Inorganic Fertilizer,NA,biomass_management..diversification_temporal..nutrient_management,NA,Product Yield,1,0,1
Cereals..Root tuber crops with high starch or inulin content,C: Crop rotation_vs_T: Crop rotation,C: Crop residues incorporated_vs_T: Crop residues incorporated,C: No Fertilizers Applied_vs_T: Organic Fertilizer + Inorganic Fertilizer,NA,biomass_management..diversification_temporal..nutrient_management,NA,Product Yield,3,0,1
Cereals..Root tuber crops with high starch or inulin content,NA,NA,C: No Fertilizers Applied_vs_T: Inorganic Fertilizer,NA,nutrient_management,NA,Product Yield,4,0,1
Cereals..Root tuber crops with high starch or inulin content,NA,NA,C: No Fertilizers Applied_vs_T: Organic Fertilizer,NA,nutrient_management,NA,Product Yield,4,0,1
Cereals..Root tuber crops with high starch or inulin content,NA,NA,C: No Fertilizers Applied_vs_T: Organic Fertilizer + Inorganic Fertilizer,NA,nutrient_management,NA,Product Yield,4,0,1
