pid,sid,eid,tid,author,year,title,journal,region,studymode,country,site,livestock_production_system,agroecological_zone,n,technology_type,control_trt,improved_forage,improved_legume,improved_grass,forage_ctrl_cp_hv1,forage_trt_cp_hv1,uom_cp,livestock_ctrl_milk1,livestock_trt_milk1,livestock_ctrl_milk2,livestock_trt_milk2,uom_milk,livestock_ctrl_lwg1,livestock_trt_lwg1,livestock_ctrl_lwg2,livestock_trt_lwg2,uom_lwg,livestock_ctrl_dmi,livestock_trt_dmi,uom_dmi,livestock_ctrl_manure,livestock_trt_manure,uom_manure,livestock_ctrl_n_manure,livestock_trt_n_manure,uom_n_manure,econ_ctrl_rev_s1,econ_trt_rev_s1,uom_rev,usd_exchange_rate
3,1,1,2,"Mosimanyana, B., Kiflewahid, B.",1986,Feeding of crop residues to milking cows in small-scale farms in Botswana,"Proceedings of workshop on Utilization of Agricultural By-Products as Livestock Feeds in Africa. Blantyre, Malawi, September",Southern Africa,Feeding trial,Botswana,Included 4 villages situated between 15-20km from Gaborone,Urban,Tropic - warm / semiarid,9,Improved feeding regime,Sorghum stover,Dual-purpose legume,Lablab purpureus,,,,,1.5,1.7,,,kg/cow/day,,,,,,8.96,8.27,kgDM/animal/day,,,,,,,,,,
12,1,2,3,"Njarui D., Wandera, F., Muinga, R.",2000,Evaluation of selected forage legumes as supplementary feed for Kenya dual-purpose goat in semi-arid region of Eastern Kenya,"KARI: Participatory technology development for soil management by smallholders in Kenya. Proceedings of the 2nd Scientific Conference on the Soil Management and Legume Research Network Projects. Mombasa, Kenya",East Africa,Feeding trial,Kenya,"Katumani, Machakos",Other,Tropic - warm / subhumid,4,Improved feeding regime,"Natural pasture (rhodes, star, buffel, Themeda triandra)",Dual-purpose legume,Lablab purpureus,,,,,,,,,,-7.44,13.39,,,g/day,,,,,,,,,,,,,
51,1,3,3,"Murungweni, C., Mabuku, O., Manyawu, G.",2004,"Mucuna, Lablab and Paprika Calyx as substitutes for commercial protein sources used for dairy and pen-fattening diets  by smallholder farmers in Zimbabwe",In: Whitebread E. and Pengelly B. (2004). Tropical legumes for sustainable farming systems in Southern Africa and Australia,Southern Africa,Feeding trial,Zimbabwe,Wedza,Mixed Rainfed Arid,Tropic - cool / semiarid,6,Improved feeding regime,Commercial diet  (14.5% CP),Dual-purpose legume,Lablab purpureus,,,,,,,,,,76000,74500,,,g/2months(drywinterseason),,,,,,,,,,,,,
51,1,4,2,"Murungweni, C., Mabuku, O., Manyawu, G.",2004,"Mucuna, Lablab and Paprika Calyx as substitutes for commercial protein sources used for dairy and pen-fattening diets  by smallholder farmers in Zimbabwe",In: Whitebread E. and Pengelly B. (2004). Tropical legumes for sustainable farming systems in Southern Africa and Australia,Southern Africa,Feeding trial,Zimbabwe,Wedza,Mixed Rainfed Arid,Tropic - cool / semiarid,4,Improved feeding regime,Commercial dairy meal  (15% CP),Dual-purpose legume,Milled lablab purpureus,,,,,10,7,,,l/day,,,,,,,,,,,,,,,,,,
53,1,1,2,"Akinlade J. , Smith  J. W., Raji A., Busari A., Adekunle I., Adewumi  M.",2005,"Effect of Two Cowpea (Vigna unguiculata) Fodder Cultivars as Supplements on Voluntary Intake, Milk Yield and Manure Production of Bunaji Cows",Journal or Agriculture and Rural Development in the Tropics and Subtropics,West Africa,Feeding trial,Nigeria,Ibadan,Mixed Rainfed Humid,Tropic - warm / subhumid,5,Improved feeding regime,Maize stover,Dual-purpose legume,Vigna unguiculata (994-DP),,,,,885.8,1049.9,,,ml/day/animal,,,,,,67.9,83.8,g/kgBW^0.75/day,0.89,1.14,kg/D/day,1.39,1.51,%,,,,
53,1,1,3,"Akinlade J. , Smith  J. W., Raji A., Busari A., Adekunle I., Adewumi  M.",2005,"Effect of Two Cowpea (Vigna unguiculata) Fodder Cultivars as Supplements on Voluntary Intake, Milk Yield and Manure Production of Bunaji Cows",Journal or Agriculture and Rural Development in the Tropics and Subtropics,West Africa,Feeding trial,Nigeria,Ibadan,Mixed Rainfed Humid,Tropic - warm / subhumid,5,Improved feeding regime,Maize stover,Dual-purpose legume,Vigna unguiculata (IT-716),,,,,885.8,1377.8,,,ml/day/animal,,,,,,67.9,76,g/kgBW^0.75/day,0.89,0.83,kg/D/day,1.39,1.53,%,,,,
61,1,1,2,"Karachi, M., Zengo, M.",1998,"Legume forages from pigeon pea, leucaena and sesbania as supplements to natural pastures for goat production in western Tanzania",Agroforestry Systems,East Africa,Feeding trial,Tanzania,Tabora region,Mixed Rainfed Arid,Tropic - cool / subhumid,8,Improved feeding regime,Natural grasses (grazing),Dual-purpose legume,Cajanus cajan,,,,,,,,,,6.7,25.5,21.6,43.2,g/head/day,0,63.1,g/head/day,,,,,,,,,,
61,1,2,2,"Karachi, M., Zengo, M.",1998,"Legume forages from pigeon pea, leucaena and sesbania as supplements to natural pastures for goat production in western Tanzania",Agroforestry Systems,East Africa,Feeding trial,Tanzania,Tabora region,Mixed Rainfed Arid,Tropic - cool / subhumid,8,Improved feeding regime,Natural grasses (grazing),Dual-purpose legume,Cajanus cajan,,,,,,,,,,13.8,36.1,19.9,31.8,g/head/day,0,86.4,g/head/day,,,,,,,,,,
75,1,1,2,"Ngwa, A., Tawah, C.",2002,Effect of Supplementation with Leguminous Crop Residues or Concentrates on the Voluntary Intake and Performance of Kirdi Sheep,Tropical Animal Health and Production,Central Africa,Feeding trial,Cameroon,Ngaoundere,Urban,Tropic - warm / subhumid,5,Improved feeding regime,Basal diet of rice straw and rice bran,Dual-purpose legume,Arachis pintoi,,,,,,,,,,20,48.93,,,g/day,77.1,93.8,g/kgLW^0.75,,,,,,,,,,
75,1,1,3,"Ngwa, A., Tawah, C.",2002,Effect of Supplementation with Leguminous Crop Residues or Concentrates on the Voluntary Intake and Performance of Kirdi Sheep,Tropical Animal Health and Production,Central Africa,Feeding trial,Cameroon,Ngaoundere,Urban,Tropic - warm / subhumid,5,Improved feeding regime,Basal diet of rice straw and rice bran,Dual-purpose legume,Vigna unguiculata,,,,,,,,,,20,49.29,,,g/day,77.1,86.2,g/kgLW^0.75,,,,,,,,,,
80,1,1,3,"Nyambati, E., Sollenberger, L., Kunkle, W.",2003,Feed intake and lactation performance of dairy cows offered napier grass supplemented with legume hay,Livestock Production Science,East Africa,Feeding trial,Kenya,Kitale,Mixed Rainfed Temperate,Tropic - warm / subhumid,2,Improved feeding regime,Pennisetum purpureum cv. Bana,Dual-purpose legume,Lablab purpureus L.,,,,,3.62,4.18,,,kgFCM/cow/day,5,12,,,kg/week,108,136,g/kgBW^0.75/day,3.96,4.46,kgDM/day/animal,,,,,,,
86,1,1,2,"Schlecht, E., Mahler, F., Sangare, M., Susenbeth, A., Becker, K.",1993,Quantitative and qualitative estimation of nutrient intake and faecal excretion of zebu cattle grazing natural pasture in semi-arid Mali,"In Powell, J M et al (1993). Livestock and sustainable nutrient cycling in mixed farming systems of Sub-Sahara Africa.",West Africa,Feeding trial,Mali,South Sahelian zone,Mixed Rainfed Arid,Tropic - warm / semiarid,15,Improved feeding regime,Natural grass (pasture),Dual-purpose legume,Vigna unguiculata,,,,,,,,,,,,,,,,,,,,,20,27,g/kgOM,,,,
105,1,1,2,"Mubiru, S., Ebong, C., Rubaire-Akiiki, C., Kabirizi J., Odur, A., Nakiganda, A., Ndyanabo, W., Bareeba, F., Halberg, N.",2003,Adaptation of feed resource utilization techniques to smallholder dairy farmers in Masaka,NARO conference paper,East Africa,Survey,Uganda,Masaka,Mixed Rainfed Humid,Tropic - cool / subhumid,4,Improved feeding regime,Napier,Dual-purpose legume,Lablab purpureus,,,,,7.735,9.153,,,,,,,,,,,,,,,,,,,,,
11,1,1,2,"Njarui D., Wandera, F., Mureithi, J.",2000,Potential of jack bean as a feed supplement for Kenya dual-purpose goats in the semi-arid area,"KARI: Participatory technology development for soil management by smallholders in Kenya. Proceedings of the 2nd Scientific Conference on the Soil Management and Legume Research Network Projects. Mombasa, Kenya",East Africa,Feeding trial,Kenya,"Katumani, Machakos",Other,Tropic - warm / subhumid,4,Improved feeding regime,Pennisetum purpureum & natural pasture,Herbaceous legume,Canavalia ensiformis,,,,,,,,,,-13.4,-17.88,,,g/day,,,,,,,,,,,,,
12,1,1,2,"Njarui D., Wandera, F., Muinga, R.",2000,Evaluation of selected forage legumes as supplementary feed for Kenya dual-purpose goat in semi-arid region of Eastern Kenya,"KARI: Participatory technology development for soil management by smallholders in Kenya. Proceedings of the 2nd Scientific Conference on the Soil Management and Legume Research Network Projects. Mombasa, Kenya",East Africa,Feeding trial,Kenya,"Katumani, Machakos",Other,Tropic - warm / subhumid,4,Improved feeding regime,Pennisetum purpureum & natural pasture,Herbaceous legume,Macroptilium atropurpureum,,,,,,,,,,-23.81,3.97,,,g/day,,,,,,,,,,,,,
12,1,1,3,"Njarui D., Wandera, F., Muinga, R.",2000,Evaluation of selected forage legumes as supplementary feed for Kenya dual-purpose goat in semi-arid region of Eastern Kenya,"KARI: Participatory technology development for soil management by smallholders in Kenya. Proceedings of the 2nd Scientific Conference on the Soil Management and Legume Research Network Projects. Mombasa, Kenya",East Africa,Feeding trial,Kenya,"Katumani, Machakos",Other,Tropic - warm / subhumid,4,Improved feeding regime,Pennisetum purpureum & natural pasture,Herbaceous legume,Neonotonia wightii,,,,,,,,,,-23.81,16.37,,,g/day,,,,,,,,,,,,,
12,1,2,2,"Njarui D., Wandera, F., Muinga, R.",2000,Evaluation of selected forage legumes as supplementary feed for Kenya dual-purpose goat in semi-arid region of Eastern Kenya,"KARI: Participatory technology development for soil management by smallholders in Kenya. Proceedings of the 2nd Scientific Conference on the Soil Management and Legume Research Network Projects. Mombasa, Kenya",East Africa,Feeding trial,Kenya,"Katumani, Machakos",Other,Tropic - warm / subhumid,4,Improved feeding regime,"Natural pasture (rhodes, star, buffel, Themeda triandra)",Herbaceous legume,Mucuna pruriens,,,,,,,,,,-7.44,19.34,,,g/day,,,,,,,,,,,,,
21,1,1,2,"Kabirizi, J., Mpairwe, D., Mutetikka, D.",2006,Improving dairy cattle productivity in smallholder farms in Uganda: Incorporating leguminous forages in farming systems,Uganda Journal of Agricultural Sciences,East Africa,Feeding trial,Uganda,Masaka,Urban,Tropic - cool / humid,8,Improved feeding regime,Pennisetum purpureum,Herbaceous legume,"Stylosanthes scabra cv. Seca, Macroptilium atropurpureum, Desmodium intortum, Lablab purpureus",Pennisetum purpureum,,,,6.9,9.1,,,l/cow/day,19.4,31.1,,,g/day,7,11.1,kgDM/cow/day,,,,,,,1181700,1540150,Tot gross USH/cow/year,1920
21,1,1,3,"Kabirizi, J., Mpairwe, D., Mutetikka, D.",2006,Improving dairy cattle productivity in smallholder farms in Uganda: Incorporating leguminous forages in farming systems,Uganda Journal of Agricultural Sciences,East Africa,Feeding trial,Uganda,Masaka,Urban,Tropic - cool / humid,8,Improved feeding regime,Pennisetum purpureum,Herbaceous legume,"Stylosanthes scabra cv. Seca, Macroptilium atropurpureum, Desmodium intortum, Lablab purpureus",Pennisetum purpureum,,,,6.9,9.7,,,l/cow/day,19.4,28.1,,,g/day,7,11.3,kgDM/cow/day,,,,,,,1181700,1619250,Tot gross USH/cow/year,1920
21,1,1,4,"Kabirizi, J., Mpairwe, D., Mutetikka, D.",2006,Improving dairy cattle productivity in smallholder farms in Uganda: Incorporating leguminous forages in farming systems,Uganda Journal of Agricultural Sciences,East Africa,Feeding trial,Uganda,Masaka,Urban,Tropic - cool / humid,8,Improved feeding regime,Pennisetum purpureum,Herbaceous legume,"Stylosanthes scabra cv. Seca, Macroptilium atropurpureum, Desmodium intortum, Lablab purpureus",Pennisetum purpureum,,,,6.9,10.9,,,l/cow/day,19.4,37.1,,,g/day,7,12,kgDM/cow/day,,,,,,,1181700,2415550,Tot gross USH/cow/year,1920
25,1,1,2,"Kariuki, J., Tamminga, S., Gachuri, C., Gitau, G., Muia, J.",2001,Intake and rumen degradation in cattle fed Napier grass (Pennisetum purpureum) supplemented with various levels of Desmodium intortum and Ipomoea batatus vines,South African Journal of Animal Science,East Africa,Feeding trial,Kenya,Naivasha,Urban,Tropic - cool / subhumid,4,Improved feeding regime,Pennisetum purpureum,Herbaceous legume,Desmodium intortum,,,,,,,,,,,,,,,7.8,8.1,kgDM/day/cow,,,,,,,,,,
25,1,1,3,"Kariuki, J., Tamminga, S., Gachuri, C., Gitau, G., Muia, J.",2001,Intake and rumen degradation in cattle fed Napier grass (Pennisetum purpureum) supplemented with various levels of Desmodium intortum and Ipomoea batatus vines,South African Journal of Animal Science,East Africa,Feeding trial,Kenya,Naivasha,Urban,Tropic - cool / subhumid,4,Improved feeding regime,Pennisetum purpureum,Herbaceous legume,Desmodium intortum,,,,,,,,,,,,,,,7.8,8.7,kgDM/day/cow,,,,,,,,,,
25,1,1,4,"Kariuki, J., Tamminga, S., Gachuri, C., Gitau, G., Muia, J.",2001,Intake and rumen degradation in cattle fed Napier grass (Pennisetum purpureum) supplemented with various levels of Desmodium intortum and Ipomoea batatus vines,South African Journal of Animal Science,East Africa,Feeding trial,Kenya,Naivasha,Urban,Tropic - cool / subhumid,4,Improved feeding regime,Pennisetum purpureum,Herbaceous legume,Desmodium intortum,,,,,,,,,,,,,,,7.8,9.4,kgDM/day/cow,,,,,,,,,,
26,1,1,2,"Kariuki, J., Gitau, G., Gachuiri, C., Tamminga, S., Muia, J.",1999,"Effect of supplementing napier grass with desmodium and lucerne on DM, CP and NDF intake and weight gains in dairy heifers",Livestock Production Science,East Africa,Feeding trial,Kenya,Naivasha,Urban,Tropic - cool / subhumid,16,Improved feeding regime,Pennisetum purpureum,Herbaceous legume,Desmodium intortum,,,,,,,,,,0.41,0.45,,,kg/day,5.8,6.9,kgDM/day,,,,,,,,,,
26,1,1,3,"Kariuki, J., Gitau, G., Gachuiri, C., Tamminga, S., Muia, J.",1999,"Effect of supplementing napier grass with desmodium and lucerne on DM, CP and NDF intake and weight gains in dairy heifers",Livestock Production Science,East Africa,Feeding trial,Kenya,Naivasha,Urban,Tropic - cool / subhumid,16,Improved feeding regime,Pennisetum purpureum,Herbaceous legume,Medicago sativa,,,,,,,,,,0.41,0.52,,,kg/day,5.8,7.1,kgDM/day,,,,,,,,,,
26,1,1,4,"Kariuki, J., Gitau, G., Gachuiri, C., Tamminga, S., Muia, J.",1999,"Effect of supplementing napier grass with desmodium and lucerne on DM, CP and NDF intake and weight gains in dairy heifers",Livestock Production Science,East Africa,Feeding trial,Kenya,Naivasha,Urban,Tropic - cool / subhumid,16,Improved feeding regime,Pennisetum purpureum,Herbaceous legume,Desmodium intortum,,,,,,,,,,0.41,0.42,,,kg/day,5.8,6.4,kgDM/day,,,,,,,,,,
43,1,2,2,"Ruto, C., Muyekho, F., Rono, S., Onyango, R., Bunyatta, D., Nyambati, E.",2000,"Participatory evaluation of the production and utilisation of improved forages under different fertiliser regimes, Keiyo district","KARI: Participatory technology development for soil management by smallholders in Kenya. Proceedings of the 2nd Scientific Conference on the Soil Management and Legume Research Network Projects. Mombasa, Kenya",East Africa,Feeding trial,Kenya,Keiyo District,Mixed Rainfed Temperate,Tropic - cool / subhumid,3,Improved feeding regime,Grazing on natural pasture,Herbaceous legume,Desmodium,Rhodes grass,,,,5.1,4.8,2.3,3.3,l/day(yr1&2),,,,,,,,,,,,,,,,,,
43,1,2,3,"Ruto, C., Muyekho, F., Rono, S., Onyango, R., Bunyatta, D., Nyambati, E.",2000,"Participatory evaluation of the production and utilisation of improved forages under different fertiliser regimes, Keiyo district","KARI: Participatory technology development for soil management by smallholders in Kenya. Proceedings of the 2nd Scientific Conference on the Soil Management and Legume Research Network Projects. Mombasa, Kenya",East Africa,Feeding trial,Kenya,Keiyo District,Mixed Rainfed Temperate,Tropic - cool / subhumid,3,Improved feeding regime,Grazing on natural pasture,Herbaceous legume,Desmodium,Pennisetum purpureum,,,,5.1,4.8,2.3,2.5,l/day(yr1&2),,,,,,,,,,,,,,,,,,
51,1,1,2,"Murungweni, C., Mabuku, O., Manyawu, G.",2004,"Mucuna, Lablab and Paprika Calyx as substitutes for commercial protein sources used for dairy and pen-fattening diets  by smallholder farmers in Zimbabwe",In: Whitebread E. and Pengelly B. (2004). Tropical legumes for sustainable farming systems in Southern Africa and Australia,Southern Africa,Feeding trial,Zimbabwe,Wedza,Mixed Rainfed Arid,Tropic - cool / semiarid,12,Improved feeding regime,veld (free ranging),Herbaceous legume,Mucuna pruriens,,,,,,,,,,280,300000,,,g/2months(drywinterseason),,,,,,,,,,,,,
51,1,1,3,"Murungweni, C., Mabuku, O., Manyawu, G.",2004,"Mucuna, Lablab and Paprika Calyx as substitutes for commercial protein sources used for dairy and pen-fattening diets  by smallholder farmers in Zimbabwe",In: Whitebread E. and Pengelly B. (2004). Tropical legumes for sustainable farming systems in Southern Africa and Australia,Southern Africa,Feeding trial,Zimbabwe,Wedza,Mixed Rainfed Arid,Tropic - cool / semiarid,12,Improved feeding regime,veld (free ranging),Herbaceous legume,Mucuna pruriens,,,,,,,,,,280,320000,,,g/2months(drywinterseason),,,,,,,,,,,,,
51,1,1,4,"Murungweni, C., Mabuku, O., Manyawu, G.",2004,"Mucuna, Lablab and Paprika Calyx as substitutes for commercial protein sources used for dairy and pen-fattening diets  by smallholder farmers in Zimbabwe",In: Whitebread E. and Pengelly B. (2004). Tropical legumes for sustainable farming systems in Southern Africa and Australia,Southern Africa,Feeding trial,Zimbabwe,Wedza,Mixed Rainfed Arid,Tropic - cool / semiarid,12,Improved feeding regime,veld (free ranging),Herbaceous legume,Mucuna pruriens,,,,,,,,,,280,320000,,,g/2months(drywinterseason),,,,,,,,,,,,,
51,1,2,3,"Murungweni, C., Mabuku, O., Manyawu, G.",2004,"Mucuna, Lablab and Paprika Calyx as substitutes for commercial protein sources used for dairy and pen-fattening diets  by smallholder farmers in Zimbabwe",In: Whitebread E. and Pengelly B. (2004). Tropical legumes for sustainable farming systems in Southern Africa and Australia,Southern Africa,Feeding trial,Zimbabwe,Wedza,Mixed Rainfed Arid,Tropic - cool / semiarid,4,Improved feeding regime,"Common practice (morning milking then free grazing, with minimum supplementation and using residues of any amount and type",Herbaceous legume,Lablab purpureus,,,,,0.8,1.78,,,l/day,,,,,,,,,,,,,,,,,,
51,1,2,4,"Murungweni, C., Mabuku, O., Manyawu, G.",2004,"Mucuna, Lablab and Paprika Calyx as substitutes for commercial protein sources used for dairy and pen-fattening diets  by smallholder farmers in Zimbabwe",In: Whitebread E. and Pengelly B. (2004). Tropical legumes for sustainable farming systems in Southern Africa and Australia,Southern Africa,Feeding trial,Zimbabwe,Wedza,Mixed Rainfed Arid,Tropic - cool / semiarid,4,Improved feeding regime,"Common practice (morning milking then free grazing, with minimum supplementation and using residues of any amount and type",Herbaceous legume,Paprika (Capsicum anuum L) calyx,,,,,0.8,1.19,,,l/day,,,,,,,,,,,,,,,,,,
51,1,3,2,"Murungweni, C., Mabuku, O., Manyawu, G.",2004,"Mucuna, Lablab and Paprika Calyx as substitutes for commercial protein sources used for dairy and pen-fattening diets  by smallholder farmers in Zimbabwe",In: Whitebread E. and Pengelly B. (2004). Tropical legumes for sustainable farming systems in Southern Africa and Australia,Southern Africa,Feeding trial,Zimbabwe,Wedza,Mixed Rainfed Arid,Tropic - cool / semiarid,6,Improved feeding regime,Commercial diet  (14.5% CP),Herbaceous legume,Mucuna pruriens,,,,,,,,,,76000,88500,,,g/2months(drywinterseason),,,,,,,,,,,,,
51,1,4,3,"Murungweni, C., Mabuku, O., Manyawu, G.",2004,"Mucuna, Lablab and Paprika Calyx as substitutes for commercial protein sources used for dairy and pen-fattening diets  by smallholder farmers in Zimbabwe",In: Whitebread E. and Pengelly B. (2004). Tropical legumes for sustainable farming systems in Southern Africa and Australia,Southern Africa,Feeding trial,Zimbabwe,Wedza,Mixed Rainfed Arid,Tropic - cool / semiarid,4,Improved feeding regime,Commercial dairy meal  (15% CP),Herbaceous legume,Mucuna pruriens,,,,,10,9,,,l/day,,,,,,,,,,,,,,,,,,
63,1,1,3,"Katuromunda, S. Sabiiti, E., Bekunda, A.",2012,Effect of legume foliage supplementary feeding to dairy cattle offered Pennisetum purpureum basal diet on feed intake and manure quality,Uganda Journal of Agricultural Science,East Africa,Feeding trial,Uganda,Kabanyolo,Mixed Rainfed Humid,Tropic - warm / humid,4,Improved feeding regime,Pennisetum purpureum,Herbaceous legume,Centrosema,,,,,,,,,,,,,,,11.64,14.88,gDM/kgLW/day,,,,15.97,15.64,g/kgDM,,,,
63,1,1,4,"Katuromunda, S. Sabiiti, E., Bekunda, A.",2012,Effect of legume foliage supplementary feeding to dairy cattle offered Pennisetum purpureum basal diet on feed intake and manure quality,Uganda Journal of Agricultural Science,East Africa,Feeding trial,Uganda,Kabanyolo,Mixed Rainfed Humid,Tropic - warm / humid,4,Improved feeding regime,Pennisetum purpureum,Herbaceous legume,Desmodium,,,,,,,,,,,,,,,11.64,14.74,gDM/kgLW/day,,,,15.97,15.37,g/kgDM,,,,
80,1,1,2,"Nyambati, E., Sollenberger, L., Kunkle, W.",2003,Feed intake and lactation performance of dairy cows offered napier grass supplemented with legume hay,Livestock Production Science,East Africa,Feeding trial,Kenya,Kitale,Mixed Rainfed Temperate,Tropic - warm / subhumid,2,Improved feeding regime,Pennisetum purpureum cv. Bana,Herbaceous legume,Mucuna pruriens var. utilis (L.) DC,,,,,3.62,4.22,,,kgFCM/cow/day,5,10,,,kg/week,108,130,g/kgBW^0.75/day,3.96,4.6,kgDM/day/animal,,,,,,,
97,1,3,2,"Kabirizi, J.",2009,"Participatory testing of forage legume innovations with women farmers in Masaka District, Uganda: Impact on fodder availability, animal performance and household income",In. Urama K. et al (2009). Agricultural innovations for sustainable development.Vol. 2 issue 1. African Technology Policy Studies Network. Pp.79,East Africa,Feeding trial and on-farm trial,Uganda,Masaka,Mixed Rainfed Humid,Tropic - cool / subhumid,12,Improved feeding regime,Pennisetum purpureum,Herbaceous legume,Lablab purpureus and Desmodium intortum,,,,,6.6,9,,,l/day,,,,,,7,10.3,kg/day,,,,,,,,,,
103,1,1,2,"Lanyasunya, T., Wang, Rong H., Mukisira, E.",2006,"Effect of Supplementation on Performance of Calves on Smallholder Dairy Farms in Bahati Division of Nakuru District, Kenya",Pakistan Journal of Nutrition,East Africa,Feeding trial,Kenya,"Bahati, Nakuru",Other,Tropic - cool / subhumid,20,Improved feeding regime,Pennisetum purpureum cv Bana,Herbaceous legume,Desmodium inortum cv. Greenleaf,,,,,,,,,,307,375,,,g/day,,,,,,,,,,,,,
97,1,3,3,"Kabirizi, J.",2009,"Participatory testing of forage legume innovations with women farmers in Masaka District, Uganda: Impact on fodder availability, animal performance and household income",In. Urama K. et al (2009). Agricultural innovations for sustainable development.Vol. 2 issue 1. African Technology Policy Studies Network. Pp.79,East Africa,Feeding trial and on-farm trial,Uganda,Masaka,Mixed Rainfed Humid,Tropic - cool / subhumid,12,Improved feeding regime,Pennisetum purpureum,Herbaceous legume,"Calliandra calothyrsus, Lablab purpureus, Desmodium intortum",,,,,6.6,9.7,,,l/day,,,,,,7,11,kg/day,,,,,,,,,,
97,1,3,4,"Kabirizi, J.",2009,"Participatory testing of forage legume innovations with women farmers in Masaka District, Uganda: Impact on fodder availability, animal performance and household income",In. Urama K. et al (2009). Agricultural innovations for sustainable development.Vol. 2 issue 1. African Technology Policy Studies Network. Pp.79,East Africa,Feeding trial and on-farm trial,Uganda,Masaka,Mixed Rainfed Humid,Tropic - cool / subhumid,12,Improved feeding regime,Pennisetum purpureum,Herbaceous legume,Lablab purpureus and calliandra calothyrsus,,,,,6.6,14,,,l/day,,,,,,7,13.5,kg/day,,,,,,,,,,
2,1,1,2,"Wegad, D., Ndumbe, R.",1987,The effect of different protein supplements on weight gain and voluntary intake of maize stover by cattle,ARNAB (1987). Utilization of agricultural by-products as livestock feed in Africa. Pp. 99-102,Central Africa,Feeding trial,Cameroon,"Bambui, Southern Cameroon",Mixed Rainfed Temperate,Tropic - cool / humid,4,Improved feeding regime,Maize stover,Shrub,Leucaena leucocephala,,,,,,,,,,-8,236,,,g/day,4.16,3.25,kgDM(maizestover)/animal,,,,,,,,,,
11,1,1,3,"Njarui D., Wandera, F., Mureithi, J.",2000,Potential of jack bean as a feed supplement for Kenya dual-purpose goats in the semi-arid area,"KARI: Participatory technology development for soil management by smallholders in Kenya. Proceedings of the 2nd Scientific Conference on the Soil Management and Legume Research Network Projects. Mombasa, Kenya",East Africa,Feeding trial,Kenya,"Katumani, Machakos",Other,Tropic - warm / subhumid,4,Improved feeding regime,Pennisetum purpureum & natural pasture,Shrub,Leucaena leucocephala,,,,,,,,,,-13.4,37.2,,,g/day,,,,,,,,,,,,,
12,1,1,4,"Njarui D., Wandera, F., Muinga, R.",2000,Evaluation of selected forage legumes as supplementary feed for Kenya dual-purpose goat in semi-arid region of Eastern Kenya,"KARI: Participatory technology development for soil management by smallholders in Kenya. Proceedings of the 2nd Scientific Conference on the Soil Management and Legume Research Network Projects. Mombasa, Kenya",East Africa,Feeding trial,Kenya,"Katumani, Machakos",Other,Tropic - warm / subhumid,4,Improved feeding regime,Pennisetum purpureum & natural pasture,Shrub,Leucaena leucocephala,,,,,,,,,,-23.81,31.25,,,g/day,,,,,,,,,,,,,
12,1,2,4,"Njarui D., Wandera, F., Muinga, R.",2000,Evaluation of selected forage legumes as supplementary feed for Kenya dual-purpose goat in semi-arid region of Eastern Kenya,"KARI: Participatory technology development for soil management by smallholders in Kenya. Proceedings of the 2nd Scientific Conference on the Soil Management and Legume Research Network Projects. Mombasa, Kenya",East Africa,Feeding trial,Kenya,"Katumani, Machakos",Other,Tropic - warm / subhumid,4,Improved feeding regime,"Natural pasture (rhodes, star, buffel, Themeda triandra)",Shrub,Leucaena leucocephala,,,,,,,,,,-7.44,34.23,,,g/day,,,,,,,,,,,,,
23,1,2,2,"Muinga R.W., Thorpe W., Topps J.H",1993,Lactational performance of Jersey cows given napier fodder (Pennisetum purpureum) with and without concentrates in the semi-humid tropics,Tropical Animal Health and Production,East Africa,Feeding trial,Kenya,Mtwapa,Urban,Tropic - warm / subhumid,2,Improved feeding regime,Pennisetum purpureum,Shrub,Leucaena leucocephala,,,,,4.2,5.2,,,l/cow/day,-4,4,,,g/day,5.5,7,g/kgBW^0.75,,,,,,,,,,
36,1,1,2,"Paterson R., Kiruiro, E., Arimi, H.",1999,Calliandra calothyrsus as a supplement for milk production in the Kenya highlands,Tropical Animal Health and Production,East Africa,Feeding trial,Kenya,Embu,Urban,Tropic - cool / subhumid,15,Improved feeding regime,Normal feeding,Shrub,Calliandra calothyrsus,,,,,9.9,10.5,,,kg/cow/day,,,,,,,,,,,,,,,,,,
36,1,2,2,"Paterson R., Kiruiro, E., Arimi, H.",1999,Calliandra calothyrsus as a supplement for milk production in the Kenya highlands,Tropical Animal Health and Production,East Africa,Feeding trial,Kenya,Embu,Urban,Tropic - cool / subhumid,15,Improved feeding regime,Normal feeding,Shrub,Calliandra calothyrsus,,,,,10.54,10.91,,,kg/cow/day,,,,,,,,,,,,,,,,,,
36,1,2,3,"Paterson R., Kiruiro, E., Arimi, H.",1999,Calliandra calothyrsus as a supplement for milk production in the Kenya highlands,Tropical Animal Health and Production,East Africa,Feeding trial,Kenya,Embu,Urban,Tropic - cool / subhumid,15,Improved feeding regime,Normal feeding,Shrub,Calliandra calothyrsus,,,,,10.54,11.44,,,kg/cow/day,,,,,,,,,,,,,,,,,,
60,1,1,2,"Kakengi, A., Shem, M., Mtengeti, E., Otsyina, R.",2001,Leucaena leucocephala leaf meal as supplement to diet of grazing dairy cattle in semiarid Western Tanzania,Agroforestry Systems,East Africa,Feeding trial,Tanzania,Shinyanga,Mixed Rainfed Temperate,Tropic - cool / humid,6,Improved feeding regime,Natural grasses (grazing),Shrub,Leucaena leucocephala,,,,,6.3,11.4,,,l/cow/day,38.2,190.9,,,g/head/day,,,,,,,,,,,,,
60,1,1,3,"Kakengi, A., Shem, M., Mtengeti, E., Otsyina, R.",2001,Leucaena leucocephala leaf meal as supplement to diet of grazing dairy cattle in semiarid Western Tanzania,Agroforestry Systems,East Africa,Feeding trial,Tanzania,Shinyanga,Mixed Rainfed Temperate,Tropic - cool / humid,6,Improved feeding regime,Natural grasses (grazing),Shrub,Leucaena leucocephala,,,,,6.3,9.4,,,l/cow/day,38.2,101.8,,,g/head/day,,,,,,,,,,,,,
60,1,1,4,"Kakengi, A., Shem, M., Mtengeti, E., Otsyina, R.",2001,Leucaena leucocephala leaf meal as supplement to diet of grazing dairy cattle in semiarid Western Tanzania,Agroforestry Systems,East Africa,Feeding trial,Tanzania,Shinyanga,Mixed Rainfed Arid,Tropic - cool / humid,6,Improved feeding regime,Natural grasses (grazing),Shrub,Leucaena leucocephala,,,,,6.3,14.7,,,l/cow/day,38.2,80.9,,,g/head/day,,,,,,,,,,,,,
61,1,1,3,"Karachi, M., Zengo, M.",1998,"Legume forages from pigeon pea, leucaena and sesbania as supplements to natural pastures for goat production in western Tanzania",Agroforestry Systems,East Africa,Feeding trial,Tanzania,Tabora region,Mixed Rainfed Arid,Tropic - cool / subhumid,8,Improved feeding regime,Natural grasses (grazing),Shrub,Leucaena leucocephala,,,,,,,,,,6.7,16.7,21.6,37.5,g/head/day,0,52.6,g/head/day,,,,,,,,,,
61,1,1,4,"Karachi, M., Zengo, M.",1998,"Legume forages from pigeon pea, leucaena and sesbania as supplements to natural pastures for goat production in western Tanzania",Agroforestry Systems,East Africa,Feeding trial,Tanzania,Tabora region,Mixed Rainfed Arid,Tropic - cool / subhumid,8,Improved feeding regime,Natural grasses (grazing),Shrub,Sesbania sesban,,,,,,,,,,6.7,14.4,21.6,28.3,g/head/day,0,49.7,g/head/day,,,,,,,,,,
61,1,2,3,"Karachi, M., Zengo, M.",1998,"Legume forages from pigeon pea, leucaena and sesbania as supplements to natural pastures for goat production in western Tanzania",Agroforestry Systems,East Africa,Feeding trial,Tanzania,Tabora region,Mixed Rainfed Arid,Tropic - cool / subhumid,8,Improved feeding regime,Natural grasses (grazing),Shrub,Leucaena leucocephala,,,,,,,,,,13.8,35.5,19.9,30.5,g/head/day,0,93.8,g/head/day,,,,,,,,,,
61,1,2,4,"Karachi, M., Zengo, M.",1998,"Legume forages from pigeon pea, leucaena and sesbania as supplements to natural pastures for goat production in western Tanzania",Agroforestry Systems,East Africa,Feeding trial,Tanzania,Tabora region,Mixed Rainfed Arid,Tropic - cool / subhumid,8,Improved feeding regime,Natural grasses (grazing),Shrub,Sesbania sesban,,,,,,,,,,13.8,28.3,19.9,24.5,g/head/day,0,79.2,g/head/day,,,,,,,,,,
62,1,1,2,"Kariuki, J., Tamminga, S., Gitau, G., Gachuiri, C., Muia, J.",1999,Performance of Sahiwal and fresian heifers fed on napier grass supplemented with graded levels of lucerne,South African Journal of Animal Science,East Africa,Feeding trial,Kenya,Naivasha,Urban,Tropic - cool / subhumid,8,Improved feeding regime,Napier (6 weeks old),Shrub,Leucaena,,,,,,,,,,,,,,,5.1,5.9,kgDM/kgBW^0.75,,,,,,,,,,
62,1,2,2,"Kariuki, J., Tamminga, S., Gitau, G., Gachuiri, C., Muia, J.",1999,Performance of Sahiwal and fresian heifers fed on napier grass supplemented with graded levels of lucerne,South African Journal of Animal Science,East Africa,Feeding trial,Kenya,Naivasha,Urban,Tropic - cool / subhumid,8,Improved feeding regime,Napier (12 weeks old),Shrub,Leucaena,,,,,,,,,,,,,,,4.8,5.7,kgDM/kgBW^0.75,,,,,,,,,,
62,1,2,3,"Kariuki, J., Tamminga, S., Gitau, G., Gachuiri, C., Muia, J.",1999,Performance of Sahiwal and fresian heifers fed on napier grass supplemented with graded levels of lucerne,South African Journal of Animal Science,East Africa,Feeding trial,Kenya,Naivasha,Urban,Tropic - cool / subhumid,8,Improved feeding regime,Napier (12 weeks old),Shrub,Leucaena,,,,,,,,,,,,,,,4.8,6.9,kgDM/kgBW^0.75,,,,,,,,,,
62,1,2,4,"Kariuki, J., Tamminga, S., Gitau, G., Gachuiri, C., Muia, J.",1999,Performance of Sahiwal and fresian heifers fed on napier grass supplemented with graded levels of lucerne,South African Journal of Animal Science,East Africa,Feeding trial,Kenya,Naivasha,Urban,Tropic - cool / subhumid,8,Improved feeding regime,Napier (12 weeks old),Shrub,Leucaena,,,,,,,,,,,,,,,4.8,7.3,kgDM/kgBW^0.75,,,,,,,,,,
63,1,1,2,"Katuromunda, S. Sabiiti, E., Bekunda, A.",2012,Effect of legume foliage supplementary feeding to dairy cattle offered Pennisetum purpureum basal diet on feed intake and manure quality,Uganda Journal of Agricultural Science,East Africa,Feeding trial,Uganda,Kabanyolo,Mixed Rainfed Humid,Tropic - warm / humid,4,Improved feeding regime,Pennisetum purpureum,Shrub,Calliandra,,,,,,,,,,,,,,,11.64,15.09,gDM/kgLW/day,,,,15.97,17.66,g/kgDM,,,,
67,1,2,2,"Macala, J., Sebolai, B., Majinda, R.",1992,Colospermum mopane browse plant and sorghum stover as feed resources for ruminants during the dry season in Botswana,"In Stares, J.E. et al (eds) (1992): The complementarity of feed resoures for Animal production in Africa",Southern Africa,Feeding trial,Botswana,Sebele,Rangelands Arid,Tropic - warm / semiarid,12,Improved feeding regime,Sorghum stover,Shrub,Colospermum mopane,,6.48,8.55,% of DM,,,,,,,,,,,,,,,,,,,,,,,
67,1,2,3,"Macala, J., Sebolai, B., Majinda, R.",1992,Colospermum mopane browse plant and sorghum stover as feed resources for ruminants during the dry season in Botswana,"In Stares, J.E. et al (eds) (1992): The complementarity of feed resoures for Animal production in Africa",Southern Africa,Feeding trial,Botswana,Sebele,Rangelands Arid,Tropic - warm / semiarid,12,improved feeding regime,Sorghum stover,Shrub,Colospermum mopane,,6.48,10.62,% of DM,,,,,,,,,,,,,,,,,,,,,,,
67,1,3,2,"Macala, J., Sebolai, B., Majinda, R.",1992,Colospermum mopane browse plant and sorghum stover as feed resources for ruminants during the dry season in Botswana,"In Stares, J.E. et al (eds) (1992): The complementarity of feed resoures for Animal production in Africa",Southern Africa,Feeding trial,Botswana,Sebele,Rangelands Arid,Tropic - warm / semiarid,18,Improved feeding regime,Sorghum stover,Shrub,Colospermum mopane,,7.86,10.06,% of DM,,,,,,200,566.7,,,g/day,,,,,,,,,,,,,
67,1,3,3,"Macala, J., Sebolai, B., Majinda, R.",1992,Colospermum mopane browse plant and sorghum stover as feed resources for ruminants during the dry season in Botswana,"In Stares, J.E. et al (eds) (1992): The complementarity of feed resoures for Animal production in Africa",Southern Africa,Feeding trial,Botswana,Sebele,Rangelands Arid,Tropic - warm / semiarid,18,Improved feeding regime,Sorghum stover,Shrub,Colospermum mopane,,7.86,5.57,% of DM,,,,,,200,188.2,,,g/day,,,,,,,,,,,,,
69,1,1,2,"Muinga, R., Thorpe, W., Topps, J., Mureithi, J.",1991,Responses to Pennisetum Purpureum (Napier grass) basal diet harvested at 2 different sites and fed with three levels of Leucaena forage to crossbred dairy cows in the humid tropics.,"In Stares, J.E. et al (eds). The complementarity of feed resoures for Animal production in Africa",East Africa,Feeding trial,Kenya,Mtwapa,Mixed Rainfed Humid,Tropic - warm / subhumid,11,Improved feeding regime,Pennisetum purpureum cv Bana,Shrub,Leucaena variety K28,,,,,7.2,7.6,,,l/day(yr1),-55,-20,,,kg/97 days,7.8,9.3,kg/day/cow,,,,,,,,,,
69,1,1,3,"Muinga, R., Thorpe, W., Topps, J., Mureithi, J.",1991,Responses to Pennisetum Purpureum (Napier grass) basal diet harvested at 2 different sites and fed with three levels of Leucaena forage to crossbred dairy cows in the humid tropics.,"In Stares, J.E. et al (eds). The complementarity of feed resoures for Animal production in Africa",East Africa,Feeding trial,Kenya,Mtwapa,Mixed Rainfed Humid,Tropic - warm / subhumid,12,Improved feeding regime,Pennisetum purpureum cv Bana,Shrub,Leucaena variety K28,,,,,7.2,8.3,,,l/day(yr1),-55,-20,,,kg/97 days,7.8,10.4,kg/day/cow,,,,,,,,,,
36,1,1,2,"Paterson R., Kiruiro, E., Arimi, H.",1999,Calliandra calothyrsus as a supplement for milk production in the Kenya highlands,Tropical Animal Health and Production,East Africa,Feeding trial,Kenya,Embu,Urban,Tropic - cool / subhumid,15,Improved feeding regime,Basal ration,Shrub,Calliandra calothyrsus,,,,,9.9,10.7,,,l/day,,,,,,,,,,,,,,,,,,
36,1,1,2,"Paterson R., Kiruiro, E., Arimi, H.",1999,Calliandra calothyrsus as a supplement for milk production in the Kenya highlands,Tropical Animal Health and Production,East Africa,Feeding trial,Kenya,Embu,Urban,Tropic - cool / subhumid,15,Improved feeding regime,Basal ration,Shrub,Calliandra calothyrsus,,,,,9.9,10.7,,,l/day,,,,,,,,,,,,,,,,,,
36,1,3,2,"Paterson R., Kiruiro, E., Arimi, H.",1999,Calliandra calothyrsus as a supplement for milk production in the Kenya highlands,Tropical Animal Health and Production,East Africa,Feeding trial,Kenya,Embu,Urban,Tropic - cool / subhumid,4,Improved feeding regime,Only on pasture,Shrub,Calliandra calothyrsus,,,,,6,5.8,,,l/day,,,,,,,,,,,,,,,,,,
90,1,1,2,"Tedonkeng, P., Fonteh, F., Tendonkeng, F., Boukila, B., Djaga, P., Fomewang, G.",2006,Influence of supplementary feeding with multipurpose leguminous tree leaves on kid growth and milk production in the West African dwarf goat,Small Ruminant Research,Central Africa,On-station trial and on-farm trial,Cameroon,Dschang,Urban,Tropic - cool / humid,12,Improved feeding regime,Natural pasture (Brachiaria ruzisiensis and Pennisetum purpureum),Shrub,"Calliandra calothyrsus, Leucaena leucocephala",,,,,125.71,267.78,220,277.14,l/12weeks,,,,,,,,,,,,,,,,,,
103,1,1,3,"Lanyasunya, T., Wang, Rong H., Mukisira, E.",2006,"Effect of Supplementation on Performance of Calves on Smallholder Dairy Farms in Bahati Division of Nakuru District, Kenya",Pakistan Journal of Nutrition,East Africa,Feeding trial,Kenya,"Bahati, Nakuru",Other,Tropic - cool / subhumid,24,Improved feeding regime,Pennisetum purpureum cv Bana,Shrub,Leucaena leucocephala and Sesbania sesban,,,,,,,,,,307,417,,,g/day,,,,,,,,,,,,,
107,1,1,2,"Tedonkeng, P., Tendonkeng, F., Kana, J., Boukila, B., Nanda, A.",2006,Effects of Calliandra calothyrsus and Leucaena leucocephala supplementary feeding on goat production in Cameroon,Small Ruminant Research,Central Africa,On-station trial,Cameroon,Dschang,Urban,Tropic - cool / humid,6,Improved feeding regime,"Pennisetum purpureum, Brachiaria ruziziensis and Trypsacum grass ad libitum",Shrub,"Calliandra calothyrsus, Leucaena leucocephala",,,,,,,,,,4.5,6.9,7.3,7.2,kg/season,,,,,,,,,,,,,
107,1,2,2,"Tedonkeng, P., Tendonkeng, F., Kana, J., Boukila, B., Nanda, A.",2006,Effects of Calliandra calothyrsus and Leucaena leucocephala supplementary feeding on goat production in Cameroon,Small Ruminant Research,Central Africa,On-station trial,Cameroon,Dschang,Urban,Tropic - cool / humid,6,Improved feeding regime,"Pennisetum purpureum, Brachiaria ruziziensis and Trypsacum grass ad libitum",Shrub,"Calliandra calothyrsus, Leucaena leucocephala",,,,,,,,,,2.8,6.8,5.3,5.9,kg/season,,,,,,,,,,,,,
