pid,sid,eid,tid,author,year,title,journal,region,studymode,country,site,livestock_production_system,agroecological_zone,n,technology_type,control_trt,improved_forage,improved_legume,improved_grass,management_type,forage_ctrl_dm1_hv1,forage_trt_dm1_hv1,forage_ctrl_dm1_hv2,forage_trt_dm1_hv2,forage_ctrl_dm1_hv3,forage_trt_dm1_hv3,forage_ctrl_dm1_hv4,forage_trt_dm1_hv4,uom_dm,forage_ctrl_cp_hv1,forage_trt_cp_hv1,uom_cp,forage_ctrl_n1,forage_trt_n1,uom_n_forage,econ_ctrl_rev_s1,econ_trt_rev_s1,uom_rev,econ_ctrl_benefit_s1,econ_trt_benefit_s1,econ_ctrl_bc_ratio1,econ_trt_bc_ratio1,uom_benefit,usd_exchange_rate
17,1,2,2,"Masinde, A. A. O, Ojowi, O. M., Mbugua, D.M., Odongo, J. A. and Shisya, M.A.",2000,Effect of organic and inorganic fertilisers and their combination on Napier grass dry matter yields in South West Kenya,"Proceedings of the 2nd Scientific Conference of the Soil Management and Legume Research Network Projects, June 2000, Mombasa, Kenya",East Africa,On-farm trial,Kenya,"Nyamonyo and Bogetaorio, Kisii",Mixed Rainfed Temperate,Tropic - cool / humid,8,Improved management,Pennisetum pupureum,Dual-purpose legume,Lablab purpureus,Pennisetum purpureum,Fertilizer,1.86,2.97,5.34,5.16,7.33,8.34,4.77,6.04,t/ha/harvest,,,,,,,,,,,,,,,
17,1,2,3,"Masinde, A. A. O, Ojowi, O. M., Mbugua, D.M., Odongo, J. A. and Shisya, M.A.",2000,Effect of organic and inorganic fertilisers and their combination on Napier grass dry matter yields in South West Kenya,"Proceedings of the 2nd Scientific Conference of the Soil Management and Legume Research Network Projects, June 2000, Mombasa, Kenya",East Africa,On-farm trial,Kenya,"Nyamonyo and Bogetaorio, Kisii",Mixed Rainfed Temperate,Tropic - cool / humid,8,Improved management,Pennisetum pupureum,Dual-purpose legume,Lablab purpureus,Pennisetum purpureum,Fertilizer,1.86,4.12,5.34,5.42,7.33,8.02,4.77,5.35,t/ha/harvest,,,,,,,,,,,,,,,
17,1,2,4,"Masinde, A. A. O, Ojowi, O. M., Mbugua, D.M., Odongo, J. A. and Shisya, M.A.",2000,Effect of organic and inorganic fertilisers and their combination on Napier grass dry matter yields in South West Kenya,"Proceedings of the 2nd Scientific Conference of the Soil Management and Legume Research Network Projects, June 2000, Mombasa, Kenya",East Africa,On-farm trial,Kenya,"Nyamonyo and Bogetaorio, Kisii",Mixed Rainfed Temperate,Tropic - cool / humid,8,Improved management,Pennisetum pupureum,Dual-purpose legume,Lablab purpureus,Pennisetum purpureum,Fertilizer,1.86,4.08,5.34,4.52,7.33,9.07,4.77,7.45,t/ha/harvest,,,,,,,,,,,,,,,
17,1,2,5,"Masinde, A. A. O, Ojowi, O. M., Mbugua, D.M., Odongo, J. A. and Shisya, M.A.",2000,Effect of organic and inorganic fertilisers and their combination on Napier grass dry matter yields in South West Kenya,"Proceedings of the 2nd Scientific Conference of the Soil Management and Legume Research Network Projects, June 2000, Mombasa, Kenya",East Africa,On-farm trial,Kenya,"Nyamonyo and Bogetaorio, Kisii",Mixed Rainfed Temperate,Tropic - cool / humid,8,Improved management,Pennisetum pupureum,Dual-purpose legume,Lablab purpureus,Pennisetum purpureum,Fertilizer,1.86,4.53,5.34,4.33,7.33,9.4,4.77,6.3,t/ha/harvest,,,,,,,,,,,,,,,
44,1,1,2,"Mugerwa, S., Sara, B., Glorios, H., Nijimbere, A., Kayiwa, S., Zziwa, E., Njarui, D.",2011,A comparative analysis of phosphorus fertilizer regimes on seed production of Lablab in East and Central Africa,International Journal of Agronomy and Agricultural Research,East Africa,On-station trial,"Uganda, Sudan, Burundi",Kampala,Mixed Rainfed Humid,Tropic - warm / humid,3,Improved management,Lablab purpureus without fertilizer application,Dual-purpose legume,Lablab purpureus,,Fertilizer,,,,,,,,,,,,,,,,,,,4009600,4827000,,,GrossnetUSH/ha/yr,2800
44,1,1,3,"Mugerwa, S., Sara, B., Glorios, H., Nijimbere, A., Kayiwa, S., Zziwa, E., Njarui, D.",2011,A comparative analysis of phosphorus fertilizer regimes on seed production of Lablab in East and Central Africa,International Journal of Agronomy and Agricultural Research,East Africa,On-station trial,"Uganda, Sudan, Burundi",Kampala,Mixed Rainfed Humid,Tropic - warm / humid,3,Improved management,Lablab purpureus without fertilizer application,Dual-purpose legume,Lablab purpureus,,Fertilizer,,,,,,,,,,,,,,,,,,,4009600,5279000,,,GrossnetUSH/ha/yr,2800
44,1,1,4,"Mugerwa, S., Sara, B., Glorios, H., Nijimbere, A., Kayiwa, S., Zziwa, E., Njarui, D.",2011,A comparative analysis of phosphorus fertilizer regimes on seed production of Lablab in East and Central Africa,International Journal of Agronomy and Agricultural Research,East Africa,On-station trial,"Uganda, Sudan, Burundi",Kampala,Mixed Rainfed Humid,Tropic - warm / humid,3,Improved management,Lablab purpureus without fertilizer application,Dual-purpose legume,Lablab purpureus,,Fertilizer,,,,,,,,,,,,,,,,,,,4009600,3976000,,,GrossnetUSH/ha/yr,2800
44,1,1,5,"Mugerwa, S., Sara, B., Glorios, H., Nijimbere, A., Kayiwa, S., Zziwa, E., Njarui, D.",2011,A comparative analysis of phosphorus fertilizer regimes on seed production of Lablab in East and Central Africa,International Journal of Agronomy and Agricultural Research,East Africa,On-station trial,"Uganda, Sudan, Burundi",Kampala,Mixed Rainfed Humid,Tropic - warm / humid,3,Improved management,Lablab purpureus without fertilizer application,Dual-purpose legume,Lablab purpureus,,Fertilizer,,,,,,,,,,,,,,,,,,,4009600,4332000,,,GrossnetUSH/ha/yr,2800
44,1,1,6,"Mugerwa, S., Sara, B., Glorios, H., Nijimbere, A., Kayiwa, S., Zziwa, E., Njarui, D.",2011,A comparative analysis of phosphorus fertilizer regimes on seed production of Lablab in East and Central Africa,International Journal of Agronomy and Agricultural Research,East Africa,On-station trial,"Uganda, Sudan, Burundi",Kampala,Mixed Rainfed Humid,Tropic - warm / humid,3,Improved management,Lablab purpureus without fertilizer application,Dual-purpose legume,Lablab purpureus,,Fertilizer,,,,,,,,,,,,,,,,,,,4009600,4496000,,,GrossnetUSH/ha/yr,2800
44,1,1,7,"Mugerwa, S., Sara, B., Glorios, H., Nijimbere, A., Kayiwa, S., Zziwa, E., Njarui, D.",2011,A comparative analysis of phosphorus fertilizer regimes on seed production of Lablab in East and Central Africa,International Journal of Agronomy and Agricultural Research,East Africa,On-station trial,"Uganda, Sudan, Burundi",Kampala,Mixed Rainfed Humid,Tropic - warm / humid,3,Improved management,Lablab purpureus without fertilizer application,Dual-purpose legume,Lablab purpureus,,Fertilizer,,,,,,,,,,,,,,,,,,,4009600,3997600,,,GrossnetUSH/ha/yr,2800
44,2,1,2,"Mugerwa, S., Sara, B., Glorios, H., Nijimbere, A., Kayiwa, S., Zziwa, E., Njarui, D.",2011,A comparative analysis of phosphorus fertilizer regimes on seed production of Lablab in East and Central Africa,International Journal of Agronomy and Agricultural Research,East Africa,On-station trial,"Uganda, Sudan, Burundi",Moso,Mixed Irrigated Humid,Tropic - cool / subhumid,3,Improved management,Lablab purpureus without fertilizer application,Dual-purpose legume,Lablab purpureus,,Fertilizer,,,,,,,,,,,,,,,,,,,,,,,,
44,2,1,3,"Mugerwa, S., Sara, B., Glorios, H., Nijimbere, A., Kayiwa, S., Zziwa, E., Njarui, D.",2011,A comparative analysis of phosphorus fertilizer regimes on seed production of Lablab in East and Central Africa,International Journal of Agronomy and Agricultural Research,East Africa,On-station trial,"Uganda, Sudan, Burundi",Moso,Mixed Irrigated Humid,Tropic - cool / subhumid,3,Improved management,Lablab purpureus without fertilizer application,Dual-purpose legume,Lablab purpureus,,Fertilizer,,,,,,,,,,,,,,,,,,,,,,,,
44,2,1,4,"Mugerwa, S., Sara, B., Glorios, H., Nijimbere, A., Kayiwa, S., Zziwa, E., Njarui, D.",2011,A comparative analysis of phosphorus fertilizer regimes on seed production of Lablab in East and Central Africa,International Journal of Agronomy and Agricultural Research,East Africa,On-station trial,"Uganda, Sudan, Burundi",Moso,Mixed Irrigated Humid,Tropic - cool / subhumid,3,Improved management,Lablab purpureus without fertilizer application,Dual-purpose legume,Lablab purpureus,,Fertilizer,,,,,,,,,,,,,,,,,,,,,,,,
44,2,1,5,"Mugerwa, S., Sara, B., Glorios, H., Nijimbere, A., Kayiwa, S., Zziwa, E., Njarui, D.",2011,A comparative analysis of phosphorus fertilizer regimes on seed production of Lablab in East and Central Africa,International Journal of Agronomy and Agricultural Research,East Africa,On-station trial,"Uganda, Sudan, Burundi",Moso,Mixed Irrigated Humid,Tropic - cool / subhumid,3,Improved management,Lablab purpureus without fertilizer application,Dual-purpose legume,Lablab purpureus,,Fertilizer,,,,,,,,,,,,,,,,,,,,,,,,
44,3,1,2,"Mugerwa, S., Sara, B., Glorios, H., Nijimbere, A., Kayiwa, S., Zziwa, E., Njarui, D.",2011,A comparative analysis of phosphorus fertilizer regimes on seed production of Lablab in East and Central Africa,International Journal of Agronomy and Agricultural Research,East Africa,On-station trial,"Uganda, Sudan, Burundi",Wad Medani,Urban,Tropic - warm / arid,3,Improved management,Lablab purpureus without fertilizer application,Dual-purpose legume,Lablab purpureus,,Fertilizer,,,,,,,,,,,,,,,,,,,,,,,,
44,3,1,3,"Mugerwa, S., Sara, B., Glorios, H., Nijimbere, A., Kayiwa, S., Zziwa, E., Njarui, D.",2011,A comparative analysis of phosphorus fertilizer regimes on seed production of Lablab in East and Central Africa,International Journal of Agronomy and Agricultural Research,East Africa,On-station trial,"Uganda, Sudan, Burundi",Wad Medani,Urban,Tropic - warm / arid,3,Improved management,Lablab purpureus without fertilizer application,Dual-purpose legume,Lablab purpureus,,Fertilizer,,,,,,,,,,,,,,,,,,,,,,,,
55,1,1,2,"Boitumelo, W., Mahabile, W.",1992,Improving milk production in small-scale dairy farms in Botswana: Incorporating legume fodder in the farming systems,"In Stares, J.E. et al (eds) (1992): The complementarity of feed resoures for Animal production in Africa",Southern Africa,On-farm trial,Botswana,Sebele Research Station,Rangelands Arid,Tropic - warm / semiarid,3,Improved management,Lablab purpureus,Dual-purpose legume,Lablab purpureus,,Fertilizer,1.23,1.44,1.37,1.49,,,,,t/ha,,,,,,,,,,,,,,,
55,1,1,3,"Boitumelo, W., Mahabile, W.",1992,Improving milk production in small-scale dairy farms in Botswana: Incorporating legume fodder in the farming systems,"In Stares, J.E. et al (eds) (1992): The complementarity of feed resoures for Animal production in Africa",Southern Africa,On-farm trial,Botswana,Sebele Research Station,Rangelands Arid,Tropic - warm / semiarid,3,Improved management,Lablab purpureus,Dual-purpose legume,Lablab purpureus,,Fertilizer,1.23,,1.37,,,,,,t/ha,,,,,,,,,,,,,,,
72,1,8,2,"Njarui, M.",2007,Enhancing livestock feed supply by integrating selected forage legumes in semi-arid region of Eastern Kenya,"PhD thesis Egerton University, Kenya",East Africa,On-station trial,Kenya,Katumani,Mixed Rainfed Humid,Tropic - cool / semiarid,3,Improved management,No fertilizer on Lablab purpureus Sweet cv. Rongai,Dual-purpose legume,Lablab purpureus Sweet cv. Rongai,,Fertilizer,,,,,2481,2672,,,kg/ha/season(avgfor5seasons),,,,,,,,,,,,,,,
72,1,8,3,"Njarui, M.",2007,Enhancing livestock feed supply by integrating selected forage legumes in semi-arid region of Eastern Kenya,"PhD thesis Egerton University, Kenya",East Africa,On-station trial,Kenya,Katumani,Mixed Rainfed Humid,Tropic - cool / semiarid,3,Improved management,No fertilizer on Lablab purpureus Sweet cv. Rongai,Dual-purpose legume,Lablab purpureus Sweet cv. Rongai,,Fertilizer,,,,,2481,2867,,,kg/ha/season(avgfor5seasons),,,,,,,,,,,,,,,
72,1,8,4,"Njarui, M.",2007,Enhancing livestock feed supply by integrating selected forage legumes in semi-arid region of Eastern Kenya,"PhD thesis Egerton University, Kenya",East Africa,On-station trial,Kenya,Katumani,Mixed Rainfed Humid,Tropic - cool / semiarid,3,Improved management,No fertilizer on Lablab purpureus Sweet cv. Rongai,Dual-purpose legume,Lablab purpureus Sweet cv. Rongai,,Fertilizer,,,,,2481,2571,,,kg/ha/season(avgfor5seasons),,,,,,,,,,,,,,,
83,1,1,2,"Ogedegbe, S., Ogunlela, V., Olufajo, O., Odion, E.",2011,"Herbage yield of Lablab (Lablab purpereus L. Sweet) as influenced by phosphorous application, cutting height and age in a semi-arid environment, Nigeria",International Journal of Agricultural Research,West Africa,On-station trial,Nigeria,Samaru,Urban,Tropic - warm / semiarid,3,Improved management,No fertilizer application on lablab,Dual-purpose legume,Lablab purpureus,,Fertilizer,4.3,5,7.1,7.1,8.2,8.9,,,t/ha/year,,,,,,,,,,,,,,,
83,1,1,3,"Ogedegbe, S., Ogunlela, V., Olufajo, O., Odion, E.",2011,"Herbage yield of Lablab (Lablab purpereus L. Sweet) as influenced by phosphorous application, cutting height and age in a semi-arid environment, Nigeria",International Journal of Agricultural Research,West Africa,On-station trial,Nigeria,Samaru,Urban,Tropic - warm / semiarid,3,Improved management,No fertilizer application on lablab,Dual-purpose legume,Lablab purpureus,,Fertilizer,4.3,5.2,7.1,7,8.2,8.9,,,t/ha/year,,,,,,,,,,,,,,,
83,1,1,4,"Ogedegbe, S., Ogunlela, V., Olufajo, O., Odion, E.",2011,"Herbage yield of Lablab (Lablab purpereus L. Sweet) as influenced by phosphorous application, cutting height and age in a semi-arid environment, Nigeria",International Journal of Agricultural Research,West Africa,On-station trial,Nigeria,Samaru,Urban,Tropic - warm / semiarid,3,Improved management,No fertilizer application on lablab,Dual-purpose legume,Lablab purpureus,,Fertilizer,4.3,4.5,7.1,6.9,8.2,9.3,,,t/ha/year,,,,,,,,,,,,,,,
34,1,1,2,"Muyekho, F. and Mose, L.",2000,Economic evaluation of “ Tumbukiza” as an alternative method for increasing Napier grass (Pennisetum purpureum) productivity on smallholder farms in North Rift valley region of Kenya,"KARI: Participatory technology development for soil management by smallholders in Kenya. Proceedings of the 2nd Scientific Conference on the Soil Management and Legume Research Network Projects. Mombasa, Kenya",East Africa,On-farm trial,Kenya,Moiben,Mixed Rainfed Temperate,Tropic - cool / humid,3,Improved management,Napier (Pennisetum purpureum) traditional planting,Grass,,Pennisetum purpureum,Fertilizer,,,,,,,,,,,,,,,,,,,,,3.03,5.27,,
43,1,1,2,"Ruto, C., Muyekho, F., Rono, S., Onyango, R., Bunyatta, D., Nyambati, E.",2000,"Participatory evaluation of the production and utilisation of improved forages under different fertiliser regimes, Keiyo district","KARI: Participatory technology development for soil management by smallholders in Kenya. Proceedings of the 2nd Scientific Conference on the Soil Management and Legume Research Network Projects. Mombasa, Kenya",East Africa,Feeding trial,Kenya,Keiyo District,Mixed Rainfed Temperate,Tropic - cool / subhumid,4,Improved management,Pennisetum purpureum without fertilizer,Grass,,Pennisetum purpureum,Fertilizer,8.2,16.4,3.45,4.05,,,,,t/ha,,,,,,,,,,,,,,,
43,1,1,3,"Ruto, C., Muyekho, F., Rono, S., Onyango, R., Bunyatta, D., Nyambati, E.",2000,"Participatory evaluation of the production and utilisation of improved forages under different fertiliser regimes, Keiyo district","KARI: Participatory technology development for soil management by smallholders in Kenya. Proceedings of the 2nd Scientific Conference on the Soil Management and Legume Research Network Projects. Mombasa, Kenya",East Africa,Feeding trial,Kenya,Keiyo District,Mixed Rainfed Temperate,Tropic - cool / subhumid,4,Improved management,Pennisetum purpureum without fertilizer,Grass,,Pennisetum purpureum,Fertilizer,8.2,14.06,3.45,5.54,,,,,t/ha,,,,,,,,,,,,,,,
43,1,1,4,"Ruto, C., Muyekho, F., Rono, S., Onyango, R., Bunyatta, D., Nyambati, E.",2000,"Participatory evaluation of the production and utilisation of improved forages under different fertiliser regimes, Keiyo district","KARI: Participatory technology development for soil management by smallholders in Kenya. Proceedings of the 2nd Scientific Conference on the Soil Management and Legume Research Network Projects. Mombasa, Kenya",East Africa,Feeding trial,Kenya,Keiyo District,Mixed Rainfed Temperate,Tropic - cool / subhumid,4,Improved management,Pennisetum purpureum without fertilizer,Grass,,Pennisetum purpureum,Fertilizer,8.2,12.83,3.45,4.73,,,,,t/ha,,,,,,,,,,,,,,,
43,1,1,5,"Ruto, C., Muyekho, F., Rono, S., Onyango, R., Bunyatta, D., Nyambati, E.",2000,"Participatory evaluation of the production and utilisation of improved forages under different fertiliser regimes, Keiyo district","KARI: Participatory technology development for soil management by smallholders in Kenya. Proceedings of the 2nd Scientific Conference on the Soil Management and Legume Research Network Projects. Mombasa, Kenya",East Africa,Feeding trial,Kenya,Keiyo District,Mixed Rainfed Temperate,Tropic - cool / subhumid,3,Improved management,Pennisetum purpureum without fertilizer,Grass,,Pennisetum purpureum,Fertilizer,8.2,17.22,3.45,4.79,,,,,t/ha,,,,,,,,,,,,,,,
111,1,1,2,"Katuromunda, S., Sabiiti, E., Bekunda, M.",2011,Effect of combined application of cattle manure and mineral fertilizers on the growth characteristics and quality of  pennisetum prupureum fodder,Livestock Research for Rural Development,East Africa,On-station trial,Uganda,Makerere University Agricultural Research Institute,Urban,Tropic - warm / humid,4,Improved management,No manure or fertilizer  applied,Grass,,Pennisetum purpureum,Fertilizer,5.61,7.15,,,,,,,t/ha,,,,16.8,15.8,g/kgDM,,,,,,,,,
111,1,1,3,"Katuromunda, S., Sabiiti, E., Bekunda, M.",2011,Effect of combined application of cattle manure and mineral fertilizers on the growth characteristics and quality of  pennisetum purpureum fodder,Livestock Research for Rural Development,East Africa,On-station trial,Uganda,Makerere University Agricultural Research Institute,Urban,Tropic - warm / humid,4,Improved management,No manure or fertilizer  applied,Grass,,Pennisetum purpureum,Fertilizer,5.61,6.99,,,,,,,t/ha,,,,16.8,16.5,g/kgDM,,,,,,,,,
111,1,1,4,"Katuromunda, S., Sabiiti, E., Bekunda, M.",2011,Effect of combined application of cattle manure and mineral fertilizers on the growth characteristics and quality of  pennisetum prupureum fodder,Livestock Research for Rural Development,East Africa,On-station trial,Uganda,Makerere University Agricultural Research Institute,Urban,Tropic - warm / humid,4,Improved management,No manure or fertilizer  applied,Grass,,Pennisetum purpureum,Fertilizer,5.61,6.74,,,,,,,t/ha,,,,16.8,16.5,g/kgDM,,,,,,,,,
111,1,1,5,"Katuromunda, S., Sabiiti, E., Bekunda, M.",2011,Effect of combined application of cattle manure and mineral fertilizers on the growth characteristics and quality of  pennisetum prupureum fodder,Livestock Research for Rural Development,East Africa,On-station trial,Uganda,Makerere University Agricultural Research Institute,Urban,Tropic - warm / humid,4,Improved management,No manure or fertilizer  applied,Grass,,Pennisetum purpureum,Fertilizer,5.61,6.29,,,,,,,t/ha,,,,16.8,17.5,g/kgDM,,,,,,,,,
111,1,1,6,"Katuromunda, S., Sabiiti, E., Bekunda, M.",2011,Effect of combined application of cattle manure and mineral fertilizers on the growth characteristics and quality of  pennisetum prupureum fodder,Livestock Research for Rural Development,East Africa,On-station trial,Uganda,Makerere University Agricultural Research Institute,Urban,Tropic - warm / humid,4,Improved management,No manure or fertilizer  applied,Grass,,Pennisetum purpureum,Fertilizer,5.61,5.98,,,,,,,t/ha,,,,16.8,16.9,g/kgDM,,,,,,,,,
111,1,1,7,"Katuromunda, S., Sabiiti, E., Bekunda, M.",2011,Effect of combined application of cattle manure and mineral fertilizers on the growth characteristics and quality of  pennisetum prupureum fodder,Livestock Research for Rural Development,East Africa,On-station trial,Uganda,Makerere University Agricultural Research Institute,Urban,Tropic - warm / humid,4,Improved management,No manure or fertilizer  applied,Grass,,Pennisetum purpureum,Fertilizer,5.61,6.48,,,,,,,t/ha,,,,16.8,16.8,g/kgDM,,,,,,,,,
111,1,1,8,"Katuromunda, S., Sabiiti, E., Bekunda, M.",2011,Effect of combined application of cattle manure and mineral fertilizers on the growth characteristics and quality of  pennisetum prupureum fodder,Livestock Research for Rural Development,East Africa,On-station trial,Uganda,Makerere University Agricultural Research Institute,Urban,Tropic - warm / humid,4,Improved management,No manure or fertilizer  applied,Grass,,Pennisetum purpureum,Fertilizer,5.61,5.91,,,,,,,t/ha,,,,16.8,17.2,g/kgDM,,,,,,,,,
111,1,1,9,"Katuromunda, S., Sabiiti, E., Bekunda, M.",2011,Effect of combined application of cattle manure and mineral fertilizers on the growth characteristics and quality of  pennisetum prupureum fodder,Livestock Research for Rural Development,East Africa,On-station trial,Uganda,Makerere University Agricultural Research Institute,Urban,Tropic - warm / humid,4,Improved management,No manure or fertilizer  applied,Grass,,Pennisetum purpureum,Fertilizer,5.61,6.8,,,,,,,t/ha,,,,16.8,16.3,g/kgDM,,,,,,,,,
111,1,1,10,"Katuromunda, S., Sabiiti, E., Bekunda, M.",2011,Effect of combined application of cattle manure and mineral fertilizers on the growth characteristics and quality of  pennisetum prupureum fodder,Livestock Research for Rural Development,East Africa,On-station trial,Uganda,Makerere University Agricultural Research Institute,Urban,Tropic - warm / humid,4,Improved management,No manure or fertilizer  applied,Grass,,Pennisetum purpureum,Fertilizer,5.61,7.01,,,,,,,t/ha,,,,16.8,17.3,g/kgDM,,,,,,,,,
17,1,1,2,"Masinde, A. A. O, Ojowi, O. M., Mbugua, D.M., Odongo, J. A. and Shisya, M.A.",2000,Effect of organic and inorganic fertilisers and their combination on Napier grass dry matter yields in South West Kenya,"Proceedings of the 2nd Scientific Conference of the Soil Management and Legume Research Network Projects, June 2000, Mombasa, Kenya",East Africa,On-farm trial,Kenya,"Nyamonyo and Bogetaorio, Kisii",Mixed Rainfed Temperate,Tropic - cool / humid,8,Improved management,Pennisetum purpureum,Herbaceous legume,Desmodium uncinatum,Pennisetum purpureum,Fertilizer,1.96,2.53,6.41,5.7,6.1,7.15,6,0.77,t/ha/harvest,,,,,,,61300,78955,Tot gross KSH/ha/24 wks,35900,31575,,,TotalnetKSh/ha/24wks,
17,1,1,3,"Masinde, A. A. O, Ojowi, O. M., Mbugua, D.M., Odongo, J. A. and Shisya, M.A.",2000,Effect of organic and inorganic fertilisers and their combination on Napier grass dry matter yields in South West Kenya,"Proceedings of the 2nd Scientific Conference of the Soil Management and Legume Research Network Projects, June 2000, Mombasa, Kenya",East Africa,On-farm trial,Kenya,"Nyamonyo and Bogetaorio, Kisii",Mixed Rainfed Temperate,Tropic - cool / humid,8,Improved management,Pennisetum purpureum,Herbaceous legume,Desmodium uncinatum,Pennisetum purpureum,Fertilizer,1.96,3.08,6.41,6.44,6.1,6.66,6,5.05,t/ha/harvest,,,,,,,61300,84350,Tot gross KSH/ha/24 wks,35900,40950,,,TotalnetKSh/ha/24wks,
17,1,1,4,"Masinde, A. A. O, Ojowi, O. M., Mbugua, D.M., Odongo, J. A. and Shisya, M.A.",2000,Effect of organic and inorganic fertilisers and their combination on Napier grass dry matter yields in South West Kenya,"Proceedings of the 2nd Scientific Conference of the Soil Management and Legume Research Network Projects, June 2000, Mombasa, Kenya",East Africa,On-farm trial,Kenya,"Nyamonyo and Bogetaorio, Kisii",Mixed Rainfed Temperate,Tropic - cool / humid,8,Improved management,Pennisetum purpureum,Herbaceous legume,Desmodium uncinatum,Pennisetum purpureum,Fertilizer,1.96,4.26,6.41,5.98,6.1,7.61,6,9.22,t/ha/harvest,,,,,,,61300,96700,Tot gross KSH/ha/24 wks,35900,45670,,,TotalnetKSh/ha/24wks,
17,1,1,5,"Masinde, A. A. O, Ojowi, O. M., Mbugua, D.M., Odongo, J. A. and Shisya, M.A.",2000,Effect of organic and inorganic fertilisers and their combination on Napier grass dry matter yields in South West Kenya,"Proceedings of the 2nd Scientific Conference of the Soil Management and Legume Research Network Projects, June 2000, Mombasa, Kenya",East Africa,On-farm trial,Kenya,"Nyamonyo and Bogetaorio, Kisii",Mixed Rainfed Temperate,Tropic - cool / humid,8,Improved management,Pennisetum purpureum,Herbaceous legume,Desmodium uncinatum,Pennisetum purpureum,Fertilizer,1.96,4.61,6.41,6.76,6.1,7.31,6,8.76,t/ha/harvest,,,,,,,61300,105800,Tot gross KSH/ha/24 wks,35900,55700,,,TotalnetKSh/ha/24wks,
72,1,6,2,"Njarui, M.",2007,Enhancing livestock feed supply by integrating selected forage legumes in semi-arid region of Eastern Kenya,"PhD thesis Egerton University, Kenya",East Africa,On-station trial,Kenya,Katumani,Mixed Rainfed Humid,Tropic - cool / semiarid,3,Improved management,No fertilizer on Stylosanthes scabra Vog cv. Seca,Herbaceous legume,Stylosanthes scabra Vog cv. Seca,,Fertilizer,,,,,9796,10787,,,kg/ha/season(avgfor5seasons),,,,,,,,,,,,,,,
72,1,6,3,"Njarui, M.",2007,Enhancing livestock feed supply by integrating selected forage legumes in semi-arid region of Eastern Kenya,"PhD thesis Egerton University, Kenya",East Africa,On-station trial,Kenya,Katumani,Mixed Rainfed Humid,Tropic - cool / semiarid,3,Improved management,No fertilizer on Stylosanthes scabra Vog cv. Seca,Herbaceous legume,Stylosanthes scabra Vog cv. Seca,,Fertilizer,,,,,9796,9730,,,kg/ha/season(avgfor5seasons),,,,,,,,,,,,,,,
72,1,6,4,"Njarui, M.",2007,Enhancing livestock feed supply by integrating selected forage legumes in semi-arid region of Eastern Kenya,"PhD thesis Egerton University, Kenya",East Africa,On-station trial,Kenya,Katumani,Mixed Rainfed Humid,Tropic - cool / semiarid,3,Improved management,No fertilizer on Stylosanthes scabra Vog cv. Seca,Herbaceous legume,Stylosanthes scabra Vog cv. Seca,,Fertilizer,,,,,9796,9557,,,kg/ha/season(avgfor5seasons),,,,,,,,,,,,,,,
72,1,7,2,"Njarui, M.",2007,Enhancing livestock feed supply by integrating selected forage legumes in semi-arid region of Eastern Kenya,"PhD thesis Egerton University, Kenya",East Africa,On-station trial,Kenya,Katumani,Mixed Rainfed Humid,Tropic - cool / semiarid,3,Improved management,No fertilizer on Macroptilium matropurpureum (DC.) Urb. cv. Siratro,Herbaceous legume,Matropurpureum (DC.) Urb. cv. Siratro,,Fertilizer,,,,,5194,5458,,,kg/ha/season(avgfor5seasons),,,,,,,,,,,,,,,
72,1,7,3,"Njarui, M.",2007,Enhancing livestock feed supply by integrating selected forage legumes in semi-arid region of Eastern Kenya,"PhD thesis Egerton University, Kenya",East Africa,On-station trial,Kenya,Katumani,Mixed Rainfed Humid,Tropic - cool / semiarid,3,Improved management,No fertilizer on Macroptilium matropurpureum (DC.) Urb. cv. Siratro,Herbaceous legume,Matropurpureum (DC.) Urb. cv. Siratro,,Fertilizer,,,,,5194,5686,,,kg/ha/season(avgfor5seasons),,,,,,,,,,,,,,,
72,1,7,4,"Njarui, M.",2007,Enhancing livestock feed supply by integrating selected forage legumes in semi-arid region of Eastern Kenya,"PhD thesis Egerton University, Kenya",East Africa,On-station trial,Kenya,Katumani,Mixed Rainfed Humid,Tropic - cool / semiarid,3,Improved management,No fertilizer on Macroptilium matropurpureum (DC.) Urb. cv. Siratro,Herbaceous legume,Matropurpureum (DC.) Urb. cv. Siratro,,Fertilizer,,,,,5194,5860,,,kg/ha/season(avgfor5seasons),,,,,,,,,,,,,,,
72,1,9,2,"Njarui, M.",2007,Enhancing livestock feed supply by integrating selected forage legumes in semi-arid region of Eastern Kenya,"PhD thesis Egerton University, Kenya",East Africa,On-station trial,Kenya,Katumani,Mixed Rainfed Humid,Tropic - cool / semiarid,3,Improved management,No fertilizer on Mucuna pruriens (L.) DC,Herbaceous legume,Mucuna pruriens (L.) DC,,Fertilizer,,,,,3250,3328,,,kg/ha/season(avgfor5seasons),,,,,,,,,,,,,,,
72,1,9,3,"Njarui, M.",2007,Enhancing livestock feed supply by integrating selected forage legumes in semi-arid region of Eastern Kenya,"PhD thesis Egerton University, Kenya",East Africa,On-station trial,Kenya,Katumani,Mixed Rainfed Humid,Tropic - cool / semiarid,3,Improved management,No fertilizer on Mucuna pruriens (L.) DC,Herbaceous legume,Mucuna pruriens (L.) DC,,Fertilizer,,,,,3250,3620,,,kg/ha/season(avgfor5seasons),,,,,,,,,,,,,,,
72,1,9,4,"Njarui, M.",2007,Enhancing livestock feed supply by integrating selected forage legumes in semi-arid region of Eastern Kenya,"PhD thesis Egerton University, Kenya",East Africa,On-station trial,Kenya,Katumani,Mixed Rainfed Humid,Tropic - cool / semiarid,3,Improved management,No fertilizer on Mucuna pruriens (L.) DC,Herbaceous legume,Mucuna pruriens (L.) DC,,Fertilizer,,,,,3250,3583,,,kg/ha/season(avgfor5seasons),,,,,,,,,,,,,,,
33,1,1,2,"Muyekho, F., Cheruiyor, D., Kapkusum, G.",2000,Effects of the “ Tumbukiza ” method of planting Napier grass (Pennisetum purpureum) on the quantity and quality of forage on smallholder farms in Kenya,"KARI: Participatory technology development for soil management by smallholders in Kenya. Proceedings of the 2nd Scientific Conference on the Soil Management and Legume Research Network Projects. Mombasa, Kenya",East Africa,On-farm trial,Kenya,Moiben,Mixed Rainfed Temperate,Tropic - cool / humid,3,Improved management,Napier (Pennisetum purpureum) traditional planting,Grass,,Pennisetum purpureum,Planting method,10.8,13.3,5.6,7.1,,,,,t/ha,11.5,12.1,%ofDM(yr),,,,,,,,,,,,
33,1,1,3,"Muyekho, F., Cheruiyor, D., Kapkusum, G.",2000,Effects of the “ Tumbukiza ” method of planting Napier grass (Pennisetum purpureum) on the quantity and quality of forage on smallholder farms in Kenya,"KARI: Participatory technology development for soil management by smallholders in Kenya. Proceedings of the 2nd Scientific Conference on the Soil Management and Legume Research Network Projects. Mombasa, Kenya",East Africa,On-farm trial,Kenya,Moiben,Mixed Rainfed Temperate,Tropic - cool / humid,3,Improved management,Napier (Pennisetum purpureum) traditional planting,Grass,,Pennisetum purpureum,Planting method,10.8,13.3,5.6,10.8,,,,,t/ha,11.5,13.1,%ofDM(yr),,,,,,,,,,,,
33,2,1,2,"Muyekho, F., Cheruiyor, D., Kapkusum, G.",2000,Effects of the “ Tumbukiza ” method of planting Napier grass (Pennisetum purpureum) on the quantity and quality of forage on smallholder farms in Kenya,"KARI: Participatory technology development for soil management by smallholders in Kenya. Proceedings of the 2nd Scientific Conference on the Soil Management and Legume Research Network Projects. Mombasa, Kenya",East Africa,On-farm trial,Kenya,Kitale,Mixed Rainfed Temperate,Tropic - cool / humid,4,Improved management,Napier (Pennisetum purpureum) traditional planting,Grass,,Pennisetum purpureum,Planting method,22.9,20,37.3,33.3,,,,,t/ha,16.3,14.5,%ofDM(yr),,,,,,,,,,,,
33,2,1,3,"Muyekho, F., Cheruiyor, D., Kapkusum, G.",2000,Effects of the “ Tumbukiza ” method of planting Napier grass (Pennisetum purpureum) on the quantity and quality of forage on smallholder farms in Kenya,"KARI: Participatory technology development for soil management by smallholders in Kenya. Proceedings of the 2nd Scientific Conference on the Soil Management and Legume Research Network Projects. Mombasa, Kenya",East Africa,On-farm trial,Kenya,Kitale,Mixed Rainfed Temperate,Tropic - cool / humid,4,Improved management,Napier (Pennisetum purpureum) traditional planting,Grass,,Pennisetum purpureum,Planting method,22.9,24.7,37.3,38.6,,,,,t/ha,16.3,14.4,%ofDM(yr),,,,,,,,,,,,
33,2,2,2,"Muyekho, F., Cheruiyor, D., Kapkusum, G.",2000,Effects of the “ Tumbukiza ” method of planting Napier grass (Pennisetum purpureum) on the quantity and quality of forage on smallholder farms in Kenya,"KARI: Participatory technology development for soil management by smallholders in Kenya. Proceedings of the 2nd Scientific Conference on the Soil Management and Legume Research Network Projects. Mombasa, Kenya",East Africa,On-farm trial,Kenya,Kitale,Mixed Rainfed Temperate,Tropic - cool / humid,4,Improved management,Napier (Pennisetum purpureum) traditional planting,Grass,,Pennisetum purpureum,Planting method,30.3,30.4,34.6,34.2,,,,,t/ha,16.3,15.6,%ofDM(yr),,,,,,,,,,,,
33,2,2,3,"Muyekho, F., Cheruiyor, D., Kapkusum, G.",2000,Effects of the “ Tumbukiza ” method of planting Napier grass (Pennisetum purpureum) on the quantity and quality of forage on smallholder farms in Kenya,"KARI: Participatory technology development for soil management by smallholders in Kenya. Proceedings of the 2nd Scientific Conference on the Soil Management and Legume Research Network Projects. Mombasa, Kenya",East Africa,On-farm trial,Kenya,Kitale,Mixed Rainfed Temperate,Tropic - cool / humid,4,Improved management,Napier (Pennisetum purpureum) traditional planting,Grass,,Pennisetum purpureum,Planting method,30.3,30,34.6,32.4,,,,,t/ha,16.3,13.2,%ofDM(yr),,,,,,,,,,,,
33,2,2,4,"Muyekho, F., Cheruiyor, D., Kapkusum, G.",2000,Effects of the “ Tumbukiza ” method of planting Napier grass (Pennisetum purpureum) on the quantity and quality of forage on smallholder farms in Kenya,"KARI: Participatory technology development for soil management by smallholders in Kenya. Proceedings of the 2nd Scientific Conference on the Soil Management and Legume Research Network Projects. Mombasa, Kenya",East Africa,On-farm trial,Kenya,Kitale,Mixed Rainfed Temperate,Tropic - cool / humid,4,Improved management,Napier (Pennisetum purpureum) traditional planting,Grass,,Pennisetum purpureum,Planting method,30.3,29,34.6,32.4,,,,,t/ha,16.3,10.3,%ofDM(yr),,,,,,,,,,,,
